Rank,Player,Team,Opp,Position,Pass Yds,Pass TDs,Rush Yds,Rush TDs,Rec,Rec Yds,Rec TDs,FGM,Pts Agn,Tack,Pts
1,"Thomas, Demaryius",DEN,BAL,WR,0.0,0.0,0.0,0.0,7.7,113.2,0.8,0.0,0.0,0.0,24.0
2,"Jones, Julio",ATL,PHI,WR,0.0,0.0,0.3,0.0,7.4,108.2,0.8,0.0,0.0,0.0,23.1
3,"Brady, Tom",NEP,PIT,QB,320.4,2.4,2.7,0.1,0.0,0.0,0.0,0.0,0.0,0.0,21.8
4,"Rodgers, Aaron",GBP,@CHI,QB,294.2,2.3,15.2,0.1,0.0,0.0,0.0,0.0,0.0,0.0,21.7
5,"Cobb, Randall",GBP,@CHI,WR,0.0,0.0,2.2,0.0,6.2,90.4,0.9,0.0,0.0,0.0,20.6
6,"Beckham, Odell",NYG,@DAL,WR,0.0,0.0,2.1,0.0,6.4,91.0,0.8,0.0,0.0,0.0,20.4
7,"Bryant, Dez",DAL,NYG,WR,0.0,0.0,0.0,0.0,6.0,86.1,1.0,0.0,0.0,0.0,20.4
8,"Gronkowski, Rob",NEP,PIT,TE,0.0,0.0,0.0,0.0,6.3,86.9,0.9,0.0,0.0,0.0,20.1
9,"Manning, Peyton",DEN,BAL,QB,300.6,2.5,-1.3,0.0,0.0,0.0,0.0,0.0,0.0,0.0,20.0
10,"Brown, Antonio",PIT,@NEP,WR,0.0,0.0,0.3,0.0,7.0,92.2,0.6,0.0,0.0,0.0,19.9
11,"Luck, Andrew",IND,@BUF,QB,281.2,2.0,22.4,0.2,0.0,0.0,0.0,0.0,0.0,0.0,19.7
12,"Peterson, Adrian",MIN,@SFO,RB,0.0,0.0,85.1,0.9,3.0,21.7,0.1,0.0,0.0,0.0,19.3
13,"Tannehill, Ryan",MIA,@WAS,QB,293.4,1.9,14.8,0.1,0.0,0.0,0.0,0.0,0.0,0.0,19.2
14,"Johnson, Calvin",DET,@SDC,WR,0.0,0.0,0.0,0.0,5.7,91.0,0.7,0.0,0.0,0.0,19.1
15,"Brees, Drew",NOR,@ARZ,QB,289.3,2.0,3.3,0.1,0.0,0.0,0.0,0.0,0.0,0.0,18.9
16,"Romo, Tony",DAL,NYG,QB,256.6,2.4,3.4,0.0,0.0,0.0,0.0,0.0,0.0,0.0,18.8
17,"Sanders, Emmanuel",DEN,BAL,WR,0.0,0.0,2.0,0.0,6.6,83.6,0.6,0.0,0.0,0.0,18.6
18,"Forte, Matt",CHI,GBP,RB,0.0,0.0,72.2,0.4,4.1,33.8,0.3,0.0,0.0,0.0,18.5
19,"Lacy, Eddie",GBP,@CHI,RB,0.0,0.0,88.2,0.6,2.6,22.8,0.1,0.0,0.0,0.0,18.2
20,"Roethlisberger, Ben",PIT,@NEP,QB,297.6,1.9,4.4,0.0,0.0,0.0,0.0,0.0,0.0,0.0,18.0
21,"Wilson, Russell",SEA,@STL,QB,206.7,1.4,39.9,0.2,0.0,0.0,0.0,0.0,0.0,0.0,18.0
22,"Charles, Jamaal",KCC,@HOU,RB,0.0,0.0,69.5,0.6,3.1,25.2,0.3,0.0,0.0,0.0,17.7
23,"Newton, Cam",CAR,@JAC,QB,216.2,1.4,37.0,0.3,0.0,0.0,0.0,0.0,0.0,0.0,17.5
24,"Panthers, Carolina",CAR,@JAC,D,0.0,0.0,0.0,0.0,0.0,0.0,0.0,0.0,19.4,0.0,17.4
25,"Matthews, Jordan",PHI,@ATL,WR,0.0,0.0,0.1,0.0,5.3,81.5,0.6,0.0,0.0,0.0,17.3
26,"Ryan, Matt",ATL,PHI,QB,289.9,1.7,5.1,0.0,0.0,0.0,0.0,0.0,0.0,0.0,17.2
27,"Kaepernick, Colin",SFO,MIN,QB,216.4,1.3,38.3,0.1,0.0,0.0,0.0,0.0,0.0,0.0,17.2
28,"Anderson, C.J.",DEN,BAL,RB,0.0,0.0,66.2,0.6,3.1,26.5,0.2,0.0,0.0,0.0,17.0
29,"Hill, Jeremy",CIN,@OAK,RB,0.0,0.0,83.1,0.7,2.6,19.9,0.0,0.0,0.0,0.0,17.0
30,"Green, A.J.",CIN,@OAK,WR,0.0,0.0,0.5,0.0,5.7,82.9,0.5,0.0,0.0,0.0,16.9
31,"Williams, Deangelo",PIT,@NEP,RB,0.0,0.0,65.6,0.4,3.6,42.3,0.1,0.0,0.0,0.0,16.6
32,"Landry, Jarvis",MIA,@WAS,WR,0.0,0.0,0.0,0.0,6.4,66.4,0.6,0.0,0.0,0.0,16.4
33,"Manning, Eli",NYG,@DAL,QB,293.5,1.7,2.0,0.0,0.0,0.0,0.0,0.0,0.0,0.0,16.4
34,"Evans, Mike",TBB,TEN,WR,0.0,0.0,0.0,0.0,4.6,70.9,0.8,0.0,0.0,0.0,16.4
35,"Flacco, Joe",BAL,@DEN,QB,256.9,1.7,6.1,0.1,0.0,0.0,0.0,0.0,0.0,0.0,16.2
36,"Forsett, Justin",BAL,@DEN,RB,0.0,0.0,60.1,0.4,4.0,29.4,0.1,0.0,0.0,0.0,16.2
37,"Adams, Davante",GBP,@CHI,WR,0.0,0.0,0.3,0.0,5.6,78.9,0.5,0.0,0.0,0.0,16.2
38,"Hopkins, DeAndre",HOU,KCC,WR,0.0,0.0,0.0,0.0,5.8,83.5,0.4,0.0,0.0,0.0,16.1
39,"Tate, Golden",DET,@SDC,WR,0.0,0.0,2.0,0.0,5.9,79.5,0.3,0.0,0.0,0.0,16.0
40,"Ingram, Mark",NOR,@ARZ,RB,0.0,0.0,76.3,0.7,2.8,16.5,0.0,0.0,0.0,0.0,15.9
41,"Stafford, Matthew",DET,@SDC,QB,273.3,1.6,6.1,0.1,0.0,0.0,0.0,0.0,0.0,0.0,15.9
42,"Murray, DeMarco",PHI,@ATL,RB,0.0,0.0,82.7,0.6,2.3,18.5,0.0,0.0,0.0,0.0,15.8
43,"Texans, Houston",HOU,KCC,D,0.0,0.0,0.0,0.0,0.0,0.0,0.0,0.0,15.7,0.0,15.8
44,"Bills, Buffalo",BUF,IND,D,0.0,0.0,0.0,0.0,0.0,0.0,0.0,0.0,14.0,0.0,15.7
45,"Cutler, Jay",CHI,GBP,QB,233.9,1.6,12.1,0.1,0.0,0.0,0.0,0.0,0.0,0.0,15.6
46,"Allen, Keenan",SDC,DET,WR,0.0,0.0,0.0,0.0,5.7,70.6,0.5,0.0,0.0,0.0,15.4
47,"Packers, Green Bay",GBP,@CHI,D,0.0,0.0,0.0,0.0,0.0,0.0,0.0,0.0,18.3,0.0,15.4
48,"Edelman, Julian",NEP,PIT,WR,0.0,0.0,3.8,0.0,6.5,68.0,0.3,0.0,0.0,0.0,15.4
49,"Rivers, Philip",SDC,DET,QB,253.9,1.7,4.4,0.0,0.0,0.0,0.0,0.0,0.0,0.0,15.3
50,"Cooks, Brandin",NOR,@ARZ,WR,0.0,0.0,2.7,0.1,5.2,70.2,0.4,0.0,0.0,0.0,15.2
51,"Seahawks, Seattle",SEA,@STL,D,0.0,0.0,0.0,0.0,0.0,0.0,0.0,0.0,14.5,0.0,15.1
52,"Lynch, Marshawn",SEA,@STL,RB,0.0,0.0,72.3,0.7,1.7,15.7,0.1,0.0,0.0,0.0,15.0
53,"Bradford, Sam",PHI,@ATL,QB,262.4,1.5,9.5,0.1,0.0,0.0,0.0,0.0,0.0,0.0,15.0
54,"Buccaneers, Tampa Bay",TBB,TEN,D,0.0,0.0,0.0,0.0,0.0,0.0,0.0,0.0,15.0,0.0,14.9
55,"Green, Ladarius",SDC,DET,TE,0.0,0.0,0.0,0.0,4.7,63.5,0.6,0.0,0.0,0.0,14.8
56,"Hyde, Carlos",SFO,MIN,RB,0.0,0.0,84.0,0.6,1.6,10.8,0.1,0.0,0.0,0.0,14.7
57,"Jackson, DeSean",WAS,MIA,WR,0.0,0.0,1.2,0.0,4.3,77.4,0.4,0.0,0.0,0.0,14.7
58,"Cousins, Kirk",WAS,MIA,QB,265.6,1.2,16.7,0.1,0.0,0.0,0.0,0.0,0.0,0.0,14.6
59,"Lions, Detroit",DET,@SDC,D,0.0,0.0,0.0,0.0,0.0,0.0,0.0,0.0,17.2,0.0,14.6
60,"Hilton, T.Y.",IND,@BUF,WR,0.0,0.0,0.7,0.0,5.1,78.2,0.3,0.0,0.0,0.0,14.5
61,"Palmer, Carson",ARZ,NOR,QB,267.9,1.5,2.3,0.0,0.0,0.0,0.0,0.0,0.0,0.0,14.5
62,"Ellington, Andre",ARZ,NOR,RB,0.0,0.0,66.4,0.3,3.2,23.5,0.1,0.0,0.0,0.0,14.5
63,"Agholor, Nelson",PHI,@ATL,WR,0.0,0.0,0.3,0.0,4.7,64.6,0.5,0.0,0.0,0.0,14.2
64,"Jets, New York",NYJ,CLE,D,0.0,0.0,0.0,0.0,0.0,0.0,0.0,0.0,15.2,0.0,14.2
65,"Cooper, Amari",OAK,CIN,WR,0.0,0.0,0.2,0.0,5.1,65.1,0.4,0.0,0.0,0.0,14.1
66,"Smith, Alex",KCC,@HOU,QB,197.4,1.2,23.1,0.1,0.0,0.0,0.0,0.0,0.0,0.0,14.1
67,"Blue, Alfred",HOU,KCC,RB,0.0,0.0,72.9,0.3,2.4,18.9,0.1,0.0,0.0,0.0,14.1
68,"Dolphins, Miami",MIA,@WAS,D,0.0,0.0,0.0,0.0,0.0,0.0,0.0,0.0,13.5,0.0,14.0
69,"Jeffery, Alshon",CHI,GBP,WR,0.0,0.0,1.2,0.0,4.4,57.4,0.6,0.0,0.0,0.0,14.0
70,"Dalton, Andy",CIN,@OAK,QB,217.6,1.4,11.0,0.2,0.0,0.0,0.0,0.0,0.0,0.0,13.8
71,"Fitzpatrick, Ryan",NYJ,CLE,QB,206.7,1.0,17.8,0.2,0.0,0.0,0.0,0.0,0.0,0.0,13.5
72,"Murray, Latavius",OAK,CIN,RB,0.0,0.0,59.6,0.3,3.1,25.0,0.0,0.0,0.0,0.0,13.5
73,"White, Roddy",ATL,PHI,WR,0.0,0.0,0.1,0.0,5.3,60.8,0.4,0.0,0.0,0.0,13.5
74,"McCoy, LeSean",BUF,IND,RB,0.0,0.0,68.7,0.3,2.9,19.6,0.0,0.0,0.0,0.0,13.5
75,"Bridgewater, Teddy",MIN,@SFO,QB,211.4,1.1,15.1,0.1,0.0,0.0,0.0,0.0,0.0,0.0,13.2
76,"Mariota, Marcus",TEN,@TBB,QB,199.8,1.1,16.3,0.1,0.0,0.0,0.0,0.0,0.0,0.0,13.1
77,"Browns, Cleveland",CLE,@NYJ,D,0.0,0.0,0.0,0.0,0.0,0.0,0.0,0.0,20.9,0.0,12.9
78,"Rams, St. Louis",STL,SEA,D,0.0,0.0,0.0,0.0,0.0,0.0,0.0,0.0,20.5,0.0,12.8
79,"Gore, Frank",IND,@BUF,RB,0.0,0.0,69.2,0.3,2.0,16.6,0.1,0.0,0.0,0.0,12.8
80,"Marshall, Brandon",NYJ,CLE,WR,0.0,0.0,0.9,0.0,4.3,55.3,0.4,0.0,0.0,0.0,12.7
81,"Carr, Derek",OAK,CIN,QB,214.5,1.3,12.2,0.0,0.0,0.0,0.0,0.0,0.0,0.0,12.6
82,"Vikings, Minnesota",MIN,@SFO,D,0.0,0.0,0.0,0.0,0.0,0.0,0.0,0.0,17.9,0.0,12.6
83,"Boldin, Anquan",SFO,MIN,WR,0.0,0.0,0.2,0.0,4.6,60.6,0.3,0.0,0.0,0.0,12.6
84,"Robinson, Allen",JAC,CAR,WR,0.0,0.0,0.0,0.0,4.7,57.0,0.4,0.0,0.0,0.0,12.6
85,"Royal, Eddie",CHI,GBP,WR,0.0,0.0,0.9,0.0,4.8,56.3,0.3,0.0,0.0,0.0,12.5
86,"Taylor, Tyrod",BUF,IND,QB,198.0,1.0,16.4,0.2,0.0,0.0,0.0,0.0,0.0,0.0,12.5
87,"Wright, Kendall",TEN,@TBB,WR,0.0,0.0,0.9,0.0,4.8,62.0,0.2,0.0,0.0,0.0,12.5
88,"Maclin, Jeremy",KCC,@HOU,WR,0.0,0.0,0.0,0.0,4.2,64.2,0.3,0.0,0.0,0.0,12.4
89,"Johnson, Charles",MIN,@SFO,WR,0.0,0.0,2.2,0.1,4.0,57.8,0.3,0.0,0.0,0.0,12.4
90,"Stewart, Jonathan",CAR,@JAC,RB,0.0,0.0,72.7,0.3,1.8,12.1,0.1,0.0,0.0,0.0,12.4
91,"Fitzgerald, Larry",ARZ,NOR,WR,0.0,0.0,0.1,0.0,5.1,58.3,0.2,0.0,0.0,0.0,12.4
92,"Decker, Eric",NYJ,CLE,WR,0.0,0.0,2.3,0.0,4.7,55.6,0.3,0.0,0.0,0.0,12.3
93,"Abdullah, Ameer",DET,@SDC,RB,0.0,0.0,45.9,0.3,2.7,25.6,0.1,0.0,0.0,0.0,12.3
94,"Garcon, Pierre",WAS,MIA,WR,0.0,0.0,0.1,0.0,4.7,59.3,0.2,0.0,0.0,0.0,12.1
95,"Jackson, Vincent",TBB,TEN,WR,0.0,0.0,0.0,0.0,4.5,64.2,0.2,0.0,0.0,0.0,12.1
96,"Smith, Torrey",SFO,MIN,WR,0.0,0.0,0.6,0.0,3.5,49.8,0.5,0.0,0.0,0.0,12.0
97,"Bortles, Blake",JAC,CAR,QB,193.8,1.0,25.3,0.0,0.0,0.0,0.0,0.0,0.0,0.0,12.0
98,"Baldwin, Doug",SEA,@STL,WR,0.0,0.0,1.8,0.0,4.1,58.0,0.3,0.0,0.0,0.0,11.8
99,"Clay, Charles",BUF,IND,TE,0.0,0.0,0.0,0.0,4.8,53.0,0.3,0.0,0.0,0.0,11.8
100,"Miller, Lamar",MIA,@WAS,RB,0.0,0.0,62.2,0.3,2.1,15.5,0.0,0.0,0.0,0.0,11.7
101,"Olsen, Greg",CAR,@JAC,TE,0.0,0.0,0.0,0.0,4.6,54.0,0.3,0.0,0.0,0.0,11.6
102,"Funchess, Devin",CAR,@JAC,WR,0.0,0.0,0.5,0.0,3.6,50.4,0.5,0.0,0.0,0.0,11.6
103,"Stills, Kenny",MIA,@WAS,WR,0.0,0.0,-0.2,0.0,4.7,53.7,0.2,0.0,0.0,0.0,11.4
104,"Morris, Alfred",WAS,MIA,RB,0.0,0.0,73.1,0.4,0.9,7.7,0.0,0.0,0.0,0.0,11.4
105,"Randle, Rueben",NYG,@DAL,WR,0.0,0.0,0.2,0.0,4.1,60.3,0.2,0.0,0.0,0.0,11.3
106,"Smith, Steve",BAL,@DEN,WR,0.0,0.0,0.0,0.0,4.1,54.8,0.3,0.0,0.0,0.0,11.3
107,"Yeldon, T.J.",JAC,CAR,RB,0.0,0.0,50.3,0.4,2.4,17.1,0.1,0.0,0.0,0.0,11.3
108,"Cardinals, Arizona",ARZ,NOR,D,0.0,0.0,0.0,0.0,0.0,0.0,0.0,0.0,19.5,0.0,11.3
109,"Winston, Jameis",TBB,TEN,QB,194.3,1.2,6.3,0.1,0.0,0.0,0.0,0.0,0.0,0.0,11.1
110,"Wallace, Mike",MIN,@SFO,WR,0.0,0.0,0.6,0.0,3.5,50.0,0.4,0.0,0.0,0.0,11.1
111,"Randle, Joseph",DAL,NYG,RB,0.0,0.0,57.0,0.5,1.4,10.8,0.0,0.0,0.0,0.0,11.1
112,"Walker, Delanie",TEN,@TBB,TE,0.0,0.0,0.0,0.0,4.2,50.2,0.3,0.0,0.0,0.0,11.0
113,"49ers, San Francisco",SFO,MIN,D,0.0,0.0,0.0,0.0,0.0,0.0,0.0,0.0,21.5,0.0,11.0
114,"Mathews, Ryan",PHI,@ATL,RB,0.0,0.0,42.4,0.6,2.0,13.4,0.0,0.0,0.0,0.0,11.0
115,"Hoyer, Brian",HOU,KCC,QB,212.7,0.8,7.7,0.1,0.0,0.0,0.0,0.0,0.0,0.0,11.0
116,"Bengals, Cincinnati",CIN,@OAK,D,0.0,0.0,0.0,0.0,0.0,0.0,0.0,0.0,18.4,0.0,11.0
117,"Colts, Indianapolis",IND,@BUF,D,0.0,0.0,0.0,0.0,0.0,0.0,0.0,0.0,21.0,0.0,11.0
118,"Cameron, Jordan",MIA,@WAS,TE,0.0,0.0,0.0,0.0,4.1,53.7,0.2,0.0,0.0,0.0,10.9
119,"Johnson, Andre",IND,@BUF,WR,0.0,0.0,0.2,0.0,4.6,52.4,0.2,0.0,0.0,0.0,10.9
120,"Lewis, Dion",NEP,PIT,RB,0.0,0.0,39.5,0.5,1.8,14.7,0.1,0.0,0.0,0.0,10.9
121,"Floyd, Malcom",SDC,DET,WR,0.0,0.0,0.0,0.0,3.5,54.1,0.3,0.0,0.0,0.0,10.8
122,"Bennett, Martellus",CHI,GBP,TE,0.0,0.0,0.0,0.0,4.4,47.4,0.3,0.0,0.0,0.0,10.8
123,"Graham, Jimmy",SEA,@STL,TE,0.0,0.0,0.0,0.0,3.7,45.4,0.4,0.0,0.0,0.0,10.8
124,"Ravens, Baltimore",BAL,@DEN,D,0.0,0.0,0.0,0.0,0.0,0.0,0.0,0.0,23.7,0.0,10.7
125,"Martin, Doug",TBB,TEN,RB,0.0,0.0,70.0,0.1,1.8,11.0,0.0,0.0,0.0,0.0,10.7
126,"Titans, Tennessee",TEN,@TBB,D,0.0,0.0,0.0,0.0,0.0,0.0,0.0,0.0,23.9,0.0,10.7
127,"Crowell, Isaiah",CLE,@NYJ,RB,0.0,0.0,46.7,0.6,1.2,11.4,0.1,0.0,0.0,0.0,10.6
128,"Johnson, Steve",SDC,DET,WR,0.0,0.0,0.4,0.0,3.9,47.4,0.3,0.0,0.0,0.0,10.6
129,"Gordon, Melvin",SDC,DET,RB,0.0,0.0,45.4,0.3,1.9,17.3,0.1,0.0,0.0,0.0,10.6
130,"Chargers, San Diego",SDC,DET,D,0.0,0.0,0.0,0.0,0.0,0.0,0.0,0.0,25.1,0.0,10.5
131,"Foles, Nick",STL,SEA,QB,189.0,1.1,6.3,0.1,0.0,0.0,0.0,0.0,0.0,0.0,10.4
132,"Brown, John",ARZ,NOR,WR,0.0,0.0,-0.3,0.0,3.8,52.0,0.2,0.0,0.0,0.0,10.4
133,"Falcons, Atlanta",ATL,PHI,D,0.0,0.0,0.0,0.0,0.0,0.0,0.0,0.0,23.5,0.0,10.4
134,"Helu, Roy",OAK,CIN,RB,0.0,0.0,23.2,0.1,3.4,31.6,0.2,0.0,0.0,0.0,10.3
135,"Saints, New Orleans",NOR,@ARZ,D,0.0,0.0,0.0,0.0,0.0,0.0,0.0,0.0,23.8,0.0,10.3
136,"Daniels, Owen",DEN,BAL,TE,0.0,0.0,0.0,0.0,3.5,41.2,0.4,0.0,0.0,0.0,10.2
137,"Amendola, Danny",NEP,PIT,WR,0.0,0.0,0.3,0.0,4.5,43.4,0.2,0.0,0.0,0.0,10.2
138,"Witten, Jason",DAL,NYG,TE,0.0,0.0,0.0,0.0,3.8,44.5,0.3,0.0,0.0,0.0,10.2
139,"Floyd, Michael",ARZ,NOR,WR,0.0,0.0,0.1,0.0,3.0,51.0,0.4,0.0,0.0,0.0,10.1
140,"Chiefs, Kansas City",KCC,@HOU,D,0.0,0.0,0.0,0.0,0.0,0.0,0.0,0.0,18.8,0.0,10.1
141,"Jaguars, Jacksonville",JAC,CAR,D,0.0,0.0,0.0,0.0,0.0,0.0,0.0,0.0,24.8,0.0,10.1
142,"Watkins, Sammy",BUF,IND,WR,0.0,0.0,0.8,0.0,3.3,51.1,0.3,0.0,0.0,0.0,10.1
143,"Bernard, Giovani",CIN,@OAK,RB,0.0,0.0,38.0,0.2,2.6,20.5,0.1,0.0,0.0,0.0,10.1
144,"Posluszny, Paul",JAC,CAR,LB,0.0,0.0,0.0,0.0,0.0,0.0,0.0,0.0,0.0,7.5,10.0
145,"Seferian-Jenkins, Austin",TBB,TEN,TE,0.0,0.0,0.1,0.0,4.3,39.1,0.3,0.0,0.0,0.0,10.0
146,"Ivory, Chris",NYJ,CLE,RB,0.0,0.0,58.2,0.4,0.9,6.2,0.1,0.0,0.0,0.0,9.9
147,"Colston, Marques",NOR,@ARZ,WR,0.0,0.0,0.2,0.0,3.5,50.1,0.2,0.0,0.0,0.0,9.8
148,"Patriots, New England",NEP,PIT,D,0.0,0.0,0.0,0.0,0.0,0.0,0.0,0.0,20.7,0.0,9.7
149,"Wheaton, Markus",PIT,@NEP,WR,0.0,0.0,0.8,0.0,3.8,45.8,0.2,0.0,0.0,0.0,9.7
150,"Miller, Heath",PIT,@NEP,TE,0.0,0.0,0.0,0.0,4.2,47.7,0.1,0.0,0.0,0.0,9.6
151,"Woodhead, Danny",SDC,DET,RB,0.0,0.0,24.3,0.1,3.1,24.4,0.2,0.0,0.0,0.0,9.5
152,"Williams, Terrance",DAL,NYG,WR,0.0,0.0,0.2,0.0,2.2,41.8,0.5,0.0,0.0,0.0,9.4
153,"Wagner, Bobby",SEA,@STL,LB,0.0,0.0,0.0,0.0,0.0,0.0,0.0,0.0,0.0,6.6,9.3
154,"Jackson, Fred",SEA,@STL,RB,0.0,0.0,35.4,0.1,2.9,22.2,0.0,0.0,0.0,0.0,9.3
155,"Worrilow, Paul",ATL,PHI,LB,0.0,0.0,0.0,0.0,0.0,0.0,0.0,0.0,0.0,6.6,9.3
156,"Broncos, Denver",DEN,BAL,D,0.0,0.0,0.0,0.0,0.0,0.0,0.0,0.0,25.5,0.0,9.3
157,"Crabtree, Michael",OAK,CIN,WR,0.0,0.0,0.0,0.0,3.9,43.6,0.2,0.0,0.0,0.0,9.3
158,"Bowe, Dwayne",CLE,@NYJ,WR,0.0,0.0,0.1,0.0,3.8,49.3,0.1,0.0,0.0,0.0,9.3
159,"Rudolph, Kyle",MIN,@SFO,TE,0.0,0.0,0.0,0.0,3.5,38.1,0.3,0.0,0.0,0.0,9.2
160,"Mathieu, Tyrann",ARZ,NOR,DB,0.0,0.0,0.0,0.0,0.0,0.0,0.0,0.0,0.0,5.4,9.2
161,"Shorts, Cecil",HOU,KCC,WR,0.0,0.0,0.0,0.0,4.1,44.4,0.1,0.0,0.0,0.0,9.1
162,"Kuechly, Luke",CAR,@JAC,LB,0.0,0.0,0.0,0.0,0.0,0.0,0.0,0.0,0.0,6.0,9.1
163,"Crosby, Mason",GBP,@CHI,K,0.0,0.0,0.0,0.0,0.0,0.0,0.0,2.2,0.0,0.0,9.1
164,"Quick, Brian",STL,SEA,WR,0.0,0.0,1.6,0.0,2.8,44.4,0.2,0.0,0.0,0.0,9.0
165,"Smith, Harrison",MIN,@SFO,DB,0.0,0.0,0.0,0.0,0.0,0.0,0.0,0.0,0.0,5.8,9.0
166,"David, Lavonte",TBB,TEN,LB,0.0,0.0,0.0,0.0,0.0,0.0,0.0,0.0,0.0,6.7,9.0
167,"Ihedigbo, James",DET,@SDC,DB,0.0,0.0,0.0,0.0,0.0,0.0,0.0,0.0,0.0,5.3,8.9
168,"Cowboys, Dallas",DAL,NYG,D,0.0,0.0,0.0,0.0,0.0,0.0,0.0,0.0,26.1,0.0,8.9
169,"Eagles, Philadelphia",PHI,@ATL,D,0.0,0.0,0.0,0.0,0.0,0.0,0.0,0.0,32.3,0.0,8.9
170,"Lee, Sean",DAL,NYG,LB,0.0,0.0,0.0,0.0,0.0,0.0,0.0,0.0,0.0,6.3,8.8
171,"Douglas, Harry",TEN,@TBB,WR,0.0,0.0,0.0,0.0,3.4,42.4,0.2,0.0,0.0,0.0,8.8
172,"Gostkowski, Stephen",NEP,PIT,K,0.0,0.0,0.0,0.0,0.0,0.0,0.0,1.8,0.0,0.0,8.8
173,"Johnson, Derrick",KCC,@HOU,LB,0.0,0.0,0.0,0.0,0.0,0.0,0.0,0.0,0.0,6.5,8.7
174,"Coleman, Brandon",NOR,@ARZ,WR,0.0,0.0,0.2,0.0,3.0,44.0,0.2,0.0,0.0,0.0,8.7
175,"Eifert, Tyler",CIN,@OAK,TE,0.0,0.0,0.0,0.0,3.4,29.2,0.4,0.0,0.0,0.0,8.6
176,"Jackson, D'qwell",IND,@BUF,LB,0.0,0.0,0.0,0.0,0.0,0.0,0.0,0.0,0.0,5.8,8.6
177,"Timmons, Lawrence",PIT,@NEP,LB,0.0,0.0,0.0,0.0,0.0,0.0,0.0,0.0,0.0,6.3,8.6
178,"Gillmore, Crockett",BAL,@DEN,TE,0.0,0.0,0.0,0.0,2.9,34.3,0.4,0.0,0.0,0.0,8.6
179,"Reed, Jordan",WAS,MIA,TE,0.0,0.0,0.2,0.0,4.1,41.2,0.1,0.0,0.0,0.0,8.6
180,"Jennings, Greg",MIA,@WAS,WR,0.0,0.0,0.1,0.0,3.2,40.6,0.2,0.0,0.0,0.0,8.5
181,"Jones, James",GBP,@CHI,WR,0.0,0.0,0.0,0.0,3.4,31.2,0.3,0.0,0.0,0.0,8.5
182,"Watson, Benjamin",NOR,@ARZ,TE,0.0,0.0,0.0,0.0,3.3,27.3,0.4,0.0,0.0,0.0,8.5
183,"Donnell, Larry",NYG,@DAL,TE,0.0,0.0,0.0,0.0,3.6,37.7,0.2,0.0,0.0,0.0,8.5
184,"McFadden, Darren",DAL,NYG,RB,0.0,0.0,36.9,0.2,2.1,16.5,0.0,0.0,0.0,0.0,8.4
185,"Jones, Marvin",CIN,@OAK,WR,0.0,0.0,0.9,0.0,2.9,36.9,0.3,0.0,0.0,0.0,8.4
186,"Cook, Jared",STL,SEA,TE,0.0,0.0,0.0,0.0,3.2,38.4,0.2,0.0,0.0,0.0,8.4
187,"Vinatieri, Adam",IND,@BUF,K,0.0,0.0,0.0,0.0,0.0,0.0,0.0,2.0,0.0,0.0,8.4
188,"Davis, Knile",KCC,@HOU,RB,0.0,0.0,29.3,0.3,1.5,13.1,0.1,0.0,0.0,0.0,8.4
189,"Redskins, Washington",WAS,MIA,D,0.0,0.0,0.0,0.0,0.0,0.0,0.0,0.0,30.2,0.0,8.4
190,"Lofton, Curtis",OAK,CIN,LB,0.0,0.0,0.0,0.0,0.0,0.0,0.0,0.0,0.0,6.7,8.4
191,"Prater, Matt",DET,@SDC,K,0.0,0.0,0.0,0.0,0.0,0.0,0.0,2.1,0.0,0.0,8.4
192,"Kearse , Jermaine",SEA,@STL,WR,0.0,0.0,1.0,0.0,2.6,41.5,0.3,0.0,0.0,0.0,8.3
193,"Collins, Jamie",NEP,PIT,LB,0.0,0.0,0.0,0.0,0.0,0.0,0.0,0.0,0.0,5.5,8.3
194,"Harvin, Percy",BUF,IND,WR,0.0,0.0,7.1,0.0,3.1,36.4,0.1,0.0,0.0,0.0,8.3
195,"Church, Barry",DAL,NYG,DB,0.0,0.0,0.0,0.0,0.0,0.0,0.0,0.0,0.0,6.4,8.3
196,"Sanu, Mohamed",CIN,@OAK,WR,0.0,0.0,3.1,0.0,2.7,37.1,0.2,0.0,0.0,0.0,8.2
197,"Kelce, Travis",KCC,@HOU,TE,0.0,0.0,0.0,0.0,3.2,40.3,0.2,0.0,0.0,0.0,8.2
198,"McManus, Brandon",DEN,BAL,K,0.0,0.0,0.0,0.0,0.0,0.0,0.0,1.4,0.0,0.0,8.2
199,"McCown, Joshua",CLE,@NYJ,QB,168.3,0.6,7.5,0.2,0.0,0.0,0.0,0.0,0.0,0.0,8.2
200,"Ogletree, Alec",STL,SEA,LB,0.0,0.0,0.0,0.0,0.0,0.0,0.0,0.0,0.0,6.0,8.2
201,"Jenkins, Jelani",MIA,@WAS,LB,0.0,0.0,0.0,0.0,0.0,0.0,0.0,0.0,0.0,6.3,8.2
202,"Ertz, Zach",PHI,@ATL,TE,0.0,0.0,0.0,0.0,3.0,35.1,0.3,0.0,0.0,0.0,8.2
203,"Alonso, Kiko",PHI,@ATL,LB,0.0,0.0,0.0,0.0,0.0,0.0,0.0,0.0,0.0,5.9,8.2
204,"Parkey, Cody",PHI,@ATL,K,0.0,0.0,0.0,0.0,0.0,0.0,0.0,1.8,0.0,0.0,8.1
205,"Parker, Preston",NYG,@DAL,WR,0.0,0.0,0.2,0.0,3.1,37.4,0.2,0.0,0.0,0.0,8.1
206,"Folk, Nick",NYJ,CLE,K,0.0,0.0,0.0,0.0,0.0,0.0,0.0,2.3,0.0,0.0,8.0
207,"Barnidge, Gary",CLE,@NYJ,TE,0.0,0.0,0.0,0.0,2.8,40.2,0.2,0.0,0.0,0.0,8.0
208,"Houston, Justin",KCC,@HOU,LB,0.0,0.0,0.0,0.0,0.0,0.0,0.0,0.0,0.0,5.4,8.0
209,"Vereen, Shane",NYG,@DAL,RB,0.0,0.0,28.2,0.1,2.3,18.1,0.0,0.0,0.0,0.0,8.0
210,"Giants, New York",NYG,@DAL,D,0.0,0.0,0.0,0.0,0.0,0.0,0.0,0.0,31.5,0.0,7.9
211,"Bryant, Matt",ATL,PHI,K,0.0,0.0,0.0,0.0,0.0,0.0,0.0,1.9,0.0,0.0,7.9
212,"Tucker, Justin",BAL,@DEN,K,0.0,0.0,0.0,0.0,0.0,0.0,0.0,2.0,0.0,0.0,7.9
213,"Greenway, Chad",MIN,@SFO,LB,0.0,0.0,0.0,0.0,0.0,0.0,0.0,0.0,0.0,5.6,7.9
214,"Mosley, C.J.",BAL,@DEN,LB,0.0,0.0,0.0,0.0,0.0,0.0,0.0,0.0,0.0,5.3,7.9
215,"Rolle, Antrel",CHI,GBP,DB,0.0,0.0,0.0,0.0,0.0,0.0,0.0,0.0,0.0,5.6,7.9
216,"Ebron, Eric",DET,@SDC,TE,0.0,0.0,0.0,0.0,3.4,29.7,0.2,0.0,0.0,0.0,7.9
217,"Latimer, Cody",DEN,BAL,WR,0.0,0.0,0.0,0.0,3.5,36.1,0.1,0.0,0.0,0.0,7.9
218,"Kendricks, Eric",MIN,@SFO,LB,0.0,0.0,0.0,0.0,0.0,0.0,0.0,0.0,0.0,5.7,7.9
219,"Levy, DeAndre",DET,@SDC,LB,0.0,0.0,0.0,0.0,0.0,0.0,0.0,0.0,0.0,6.3,7.9
220,"McDonald, T.J.",STL,SEA,DB,0.0,0.0,0.0,0.0,0.0,0.0,0.0,0.0,0.0,5.4,7.8
221,"Quin, Glover",DET,@SDC,DB,0.0,0.0,0.0,0.0,0.0,0.0,0.0,0.0,0.0,4.3,7.8
222,"Steelers, Pittsburgh",PIT,@NEP,D,0.0,0.0,0.0,0.0,0.0,0.0,0.0,0.0,26.2,0.0,7.8
223,"Laurinaitis, James ",STL,SEA,LB,0.0,0.0,0.0,0.0,0.0,0.0,0.0,0.0,0.0,5.9,7.8
224,"Burnett, Morgan",GBP,@CHI,DB,0.0,0.0,0.0,0.0,0.0,0.0,0.0,0.0,0.0,5.5,7.8
225,"Davis, Vernon",SFO,MIN,TE,0.0,0.0,0.2,0.0,2.3,30.2,0.4,0.0,0.0,0.0,7.8
226,"Streater, Rod",OAK,CIN,WR,0.0,0.0,0.8,0.0,2.8,35.1,0.2,0.0,0.0,0.0,7.8
227,"Allen, Dwayne",IND,@BUF,TE,0.0,0.0,0.0,0.0,2.4,27.0,0.4,0.0,0.0,0.0,7.8
228,"Vaccaro, Kenny",NOR,@ARZ,DB,0.0,0.0,0.0,0.0,0.0,0.0,0.0,0.0,0.0,5.2,7.7
229,"Dawson, Phil",SFO,MIN,K,0.0,0.0,0.0,0.0,0.0,0.0,0.0,1.9,0.0,0.0,7.7
230,"Hurns, Allen",JAC,CAR,WR,0.0,0.0,0.0,0.0,3.0,34.8,0.2,0.0,0.0,0.0,7.7
231,"Hauschka, Steven",SEA,@STL,K,0.0,0.0,0.0,0.0,0.0,0.0,0.0,1.8,0.0,0.0,7.6
232,"Sproles, Darren",PHI,@ATL,RB,0.0,0.0,18.4,0.3,2.1,18.3,0.0,0.0,0.0,0.0,7.6
233,"Adams, Mike",IND,@BUF,DB,0.0,0.0,0.0,0.0,0.0,0.0,0.0,0.0,0.0,4.6,7.6
234,"Jennings, Rashad",NYG,@DAL,RB,0.0,0.0,33.6,0.2,1.7,11.8,0.0,0.0,0.0,0.0,7.6
235,"Smith, Telvin",JAC,CAR,LB,0.0,0.0,0.0,0.0,0.0,0.0,0.0,0.0,0.0,5.1,7.6
236,"Carpenter, Dan",BUF,IND,K,0.0,0.0,0.0,0.0,0.0,0.0,0.0,2.0,0.0,0.0,7.6
237,"Smith, Daryl",BAL,@DEN,LB,0.0,0.0,0.0,0.0,0.0,0.0,0.0,0.0,0.0,4.3,7.5
238,"Williams, Karlos",BUF,IND,RB,0.0,0.0,37.4,0.1,1.9,13.9,0.0,0.0,0.0,0.0,7.5
239,"Dansby, Karlos",CLE,@NYJ,LB,0.0,0.0,0.0,0.0,0.0,0.0,0.0,0.0,0.0,4.9,7.5
240,"Woodson, Charles",OAK,CIN,DB,0.0,0.0,0.0,0.0,0.0,0.0,0.0,0.0,0.0,5.1,7.5
241,"Jones, Reshad",MIA,@WAS,DB,0.0,0.0,0.0,0.0,0.0,0.0,0.0,0.0,0.0,5.7,7.5
242,"Raiders, Oakland",OAK,CIN,D,0.0,0.0,0.0,0.0,0.0,0.0,0.0,0.0,31.8,0.0,7.5
243,"Cyprien, Johnathan",JAC,CAR,DB,0.0,0.0,0.0,0.0,0.0,0.0,0.0,0.0,0.0,5.7,7.4
244,"Williams, Andre",NYG,@DAL,RB,0.0,0.0,34.8,0.3,1.1,8.2,0.0,0.0,0.0,0.0,7.4
245,"Weddle, Eric",SDC,DET,DB,0.0,0.0,0.0,0.0,0.0,0.0,0.0,0.0,0.0,5.5,7.4
246,"Freeman, Jerrell",IND,@BUF,LB,0.0,0.0,0.0,0.0,0.0,0.0,0.0,0.0,0.0,5.0,7.4
247,"Mason, Tre",STL,SEA,RB,0.0,0.0,40.5,0.2,1.2,9.4,0.0,0.0,0.0,0.0,7.4
248,"Kendricks, Mychal",PHI,@ATL,LB,0.0,0.0,0.0,0.0,0.0,0.0,0.0,0.0,0.0,5.4,7.4
249,"Gresham, Jermaine",ARZ,NOR,TE,0.0,0.0,0.0,0.0,3.1,27.1,0.2,0.0,0.0,0.0,7.4
250,"Dunbar, Lance",DAL,NYG,RB,0.0,0.0,25.5,0.2,1.5,19.5,0.1,0.0,0.0,0.0,7.4
251,"Mack, Khalil",OAK,CIN,LB,0.0,0.0,0.0,0.0,0.0,0.0,0.0,0.0,0.0,5.6,7.3
252,"Britt, Kenny",STL,SEA,WR,0.0,0.0,0.9,0.0,2.5,38.6,0.1,0.0,0.0,0.0,7.3
253,"Rivera, Mychal",OAK,CIN,TE,0.0,0.0,0.0,0.0,3.0,28.6,0.3,0.0,0.0,0.0,7.3
254,"Bailey, Stedman",STL,SEA,WR,0.0,0.0,3.6,0.1,2.0,26.7,0.3,0.0,0.0,0.0,7.3
255,"Pryor, Calvin",NYJ,CLE,DB,0.0,0.0,0.0,0.0,0.0,0.0,0.0,0.0,0.0,4.4,7.3
256,"Bullock, Randy",HOU,KCC,K,0.0,0.0,0.0,0.0,0.0,0.0,0.0,1.8,0.0,0.0,7.3
257,"Hill, Will",BAL,@DEN,DB,0.0,0.0,0.0,0.0,0.0,0.0,0.0,0.0,0.0,4.7,7.3
258,"Moore, William",ATL,PHI,DB,0.0,0.0,0.0,0.0,0.0,0.0,0.0,0.0,0.0,4.6,7.2
259,"Bailey, Dan",DAL,NYG,K,0.0,0.0,0.0,0.0,0.0,0.0,0.0,1.4,0.0,0.0,7.2
260,"Trufant, Desmond",ATL,PHI,DB,0.0,0.0,0.0,0.0,0.0,0.0,0.0,0.0,0.0,4.3,7.2
261,"Patterson, Cordarrelle",MIN,@SFO,WR,0.0,0.0,6.1,0.1,2.3,25.4,0.2,0.0,0.0,0.0,7.2
262,"Beasley, Cole",DAL,NYG,WR,0.0,0.0,0.1,0.0,2.8,33.3,0.2,0.0,0.0,0.0,7.2
263,"Robinson, Keenan",WAS,MIA,LB,0.0,0.0,0.0,0.0,0.0,0.0,0.0,0.0,0.0,5.2,7.1
264,"Bowman, Navorro",SFO,MIN,LB,0.0,0.0,0.0,0.0,0.0,0.0,0.0,0.0,0.0,5.5,7.1
265,"Hawkins, Andrew",CLE,@NYJ,WR,0.0,0.0,0.7,0.0,2.8,38.4,0.1,0.0,0.0,0.0,7.1
266,"Bethea, Antoine",SFO,MIN,DB,0.0,0.0,0.0,0.0,0.0,0.0,0.0,0.0,0.0,4.8,7.1
267,"Berry, Eric",KCC,@HOU,DB,0.0,0.0,0.0,0.0,0.0,0.0,0.0,0.0,0.0,5.0,7.1
268,"Shazier, Ryan",PIT,@NEP,LB,0.0,0.0,0.0,0.0,0.0,0.0,0.0,0.0,0.0,5.5,7.1
269,"Brown, Preston",BUF,IND,LB,0.0,0.0,0.0,0.0,0.0,0.0,0.0,0.0,0.0,5.0,7.1
270,"Ishmael, Kemal",ATL,PHI,DB,0.0,0.0,0.0,0.0,0.0,0.0,0.0,0.0,0.0,4.5,7.1
271,"Thomas, Shamarko",PIT,@NEP,DB,0.0,0.0,0.0,0.0,0.0,0.0,0.0,0.0,0.0,4.1,7.0
272,"Sankey, Bishop",TEN,@TBB,RB,0.0,0.0,39.0,0.2,1.3,8.6,0.0,0.0,0.0,0.0,7.0
273,"Bush, Reggie",SFO,MIN,RB,0.0,0.0,24.3,0.2,2.1,12.4,0.1,0.0,0.0,0.0,7.0
274,"Whitner, Donte",CLE,@NYJ,DB,0.0,0.0,0.0,0.0,0.0,0.0,0.0,0.0,0.0,4.7,7.0
275,"West, Terrance",TEN,@TBB,RB,0.0,0.0,38.8,0.2,1.0,6.8,0.1,0.0,0.0,0.0,7.0
276,"Gano, Graham",CAR,@JAC,K,0.0,0.0,0.0,0.0,0.0,0.0,0.0,1.7,0.0,0.0,7.0
277,"Davis, Demario",NYJ,CLE,LB,0.0,0.0,0.0,0.0,0.0,0.0,0.0,0.0,0.0,5.1,7.0
278,"Catanzaro, Chandler",ARZ,NOR,K,0.0,0.0,0.0,0.0,0.0,0.0,0.0,1.8,0.0,0.0,6.9
279,"Sims, Charles",TBB,TEN,RB,0.0,0.0,22.5,0.1,2.2,20.8,0.0,0.0,0.0,0.0,6.9
280,"Harris, David",NYJ,CLE,LB,0.0,0.0,0.0,0.0,0.0,0.0,0.0,0.0,0.0,4.9,6.9
281,"Barr, Anthony",MIN,@SFO,LB,0.0,0.0,0.0,0.0,0.0,0.0,0.0,0.0,0.0,5.1,6.9
282,"Woods, Robert",BUF,IND,WR,0.0,0.0,-0.0,0.0,2.9,31.3,0.2,0.0,0.0,0.0,6.9
283,"Oliver, Branden",SDC,DET,RB,0.0,0.0,27.0,0.1,2.0,14.1,0.0,0.0,0.0,0.0,6.9
284,"Nugent, Mike",CIN,@OAK,K,0.0,0.0,0.0,0.0,0.0,0.0,0.0,1.5,0.0,0.0,6.9
285,"Mayo, Jerod",NEP,PIT,LB,0.0,0.0,0.0,0.0,0.0,0.0,0.0,0.0,0.0,4.8,6.8
286,"Johnson, Rashad",ARZ,NOR,DB,0.0,0.0,0.0,0.0,0.0,0.0,0.0,0.0,0.0,5.0,6.8
287,"Tulloch, Stephen",DET,@SDC,LB,0.0,0.0,0.0,0.0,0.0,0.0,0.0,0.0,0.0,5.1,6.7
288,"Hill, Josh",NOR,@ARZ,TE,0.0,0.0,0.0,0.0,2.5,26.5,0.3,0.0,0.0,0.0,6.7
289,"Nelson, Reggie",CIN,@OAK,DB,0.0,0.0,0.0,0.0,0.0,0.0,0.0,0.0,0.0,3.9,6.7
290,"Perriman, Breshad",BAL,@DEN,WR,0.0,0.0,-0.1,0.0,2.7,34.3,0.1,0.0,0.0,0.0,6.7
291,"Matthews, Clay",GBP,@CHI,LB,0.0,0.0,0.0,0.0,0.0,0.0,0.0,0.0,0.0,4.4,6.7
292,"Jenkins, Malcolm",PHI,@ATL,DB,0.0,0.0,0.0,0.0,0.0,0.0,0.0,0.0,0.0,4.0,6.6
293,"Hillman, Ronnie",DEN,BAL,RB,0.0,0.0,35.3,0.1,1.3,8.7,0.1,0.0,0.0,0.0,6.6
294,"Collins, Landon",NYG,@DAL,DB,0.0,0.0,0.0,0.0,0.0,0.0,0.0,0.0,0.0,3.9,6.6
295,"Cushing, Brian",HOU,KCC,LB,0.0,0.0,0.0,0.0,0.0,0.0,0.0,0.0,0.0,4.6,6.6
296,"Harris, Chris",DEN,BAL,DB,0.0,0.0,0.0,0.0,0.0,0.0,0.0,0.0,0.0,3.4,6.6
297,"Bradham, Nigel",BUF,IND,LB,0.0,0.0,0.0,0.0,0.0,0.0,0.0,0.0,0.0,4.7,6.6
298,"McDougald, Bradley",TBB,TEN,DB,0.0,0.0,0.0,0.0,0.0,0.0,0.0,0.0,0.0,4.5,6.6
299,"Wright, Jarius",MIN,@SFO,WR,0.0,0.0,1.1,0.0,2.2,32.2,0.2,0.0,0.0,0.0,6.6
300,"Hartline, Brian",CLE,@NYJ,WR,0.0,0.0,0.5,0.0,2.5,34.6,0.1,0.0,0.0,0.0,6.6
301,"Wilson, Albert",KCC,@HOU,WR,0.0,0.0,0.2,0.0,2.2,32.1,0.2,0.0,0.0,0.0,6.5
302,"Roberts, Andre",WAS,MIA,WR,0.0,0.0,0.6,0.0,2.6,33.8,0.1,0.0,0.0,0.0,6.5
303,"Anthony, Stephone",NOR,@ARZ,LB,0.0,0.0,0.0,0.0,0.0,0.0,0.0,0.0,0.0,5.0,6.5
304,"Franks, Andrew",MIA,@WAS,K,0.0,0.0,0.0,0.0,0.0,0.0,0.0,1.6,0.0,0.0,6.4
305,"Weatherspoon, Sean",ARZ,NOR,LB,0.0,0.0,0.0,0.0,0.0,0.0,0.0,0.0,0.0,4.7,6.4
306,"Thomas, Earl",SEA,@STL,DB,0.0,0.0,0.0,0.0,0.0,0.0,0.0,0.0,0.0,4.4,6.4
307,"Chancellor, Kam",SEA,@STL,DB,0.0,0.0,0.0,0.0,0.0,0.0,0.0,0.0,0.0,4.2,6.4
308,"Graham, Corey",BUF,IND,DB,0.0,0.0,0.0,0.0,0.0,0.0,0.0,0.0,0.0,4.0,6.4
309,"Clinton-Dix, Hasean",GBP,@CHI,DB,0.0,0.0,0.0,0.0,0.0,0.0,0.0,0.0,0.0,4.2,6.4
310,"Joseph, Johnathan",HOU,KCC,DB,0.0,0.0,0.0,0.0,0.0,0.0,0.0,0.0,0.0,3.5,6.4
311,"Rodgers, Richard",GBP,@CHI,TE,0.0,0.0,0.0,0.0,2.2,25.3,0.3,0.0,0.0,0.0,6.4
312,"Gipson, Tashaun",CLE,@NYJ,DB,0.0,0.0,0.0,0.0,0.0,0.0,0.0,0.0,0.0,2.9,6.4
313,"Lamur, Emmanuel",CIN,@OAK,LB,0.0,0.0,0.0,0.0,0.0,0.0,0.0,0.0,0.0,4.2,6.4
314,"Allen, Nate",OAK,CIN,DB,0.0,0.0,0.0,0.0,0.0,0.0,0.0,0.0,0.0,3.9,6.4
315,"Beason, Jon",NYG,@DAL,LB,0.0,0.0,0.0,0.0,0.0,0.0,0.0,0.0,0.0,5.0,6.3
316,"Davis, Thomas",CAR,@JAC,LB,0.0,0.0,0.0,0.0,0.0,0.0,0.0,0.0,0.0,4.6,6.3
317,"Walsh, Blair",MIN,@SFO,K,0.0,0.0,0.0,0.0,0.0,0.0,0.0,1.6,0.0,0.0,6.3
318,"Graham, Garrett",HOU,KCC,TE,0.0,0.0,0.0,0.0,2.5,27.9,0.2,0.0,0.0,0.0,6.3
319,"Marshall, Brandon",DEN,BAL,LB,0.0,0.0,0.0,0.0,0.0,0.0,0.0,0.0,0.0,4.9,6.3
320,"Fuller, Kyle",CHI,GBP,DB,0.0,0.0,0.0,0.0,0.0,0.0,0.0,0.0,0.0,3.9,6.3
321,"Celek, Brent",PHI,@ATL,TE,0.0,0.0,0.0,0.0,2.3,27.5,0.2,0.0,0.0,0.0,6.3
322,"Bucannon, Deone",ARZ,NOR,DB,0.0,0.0,0.0,0.0,0.0,0.0,0.0,0.0,0.0,4.7,6.3
323,"McCourty, Jason ",TEN,@TBB,DB,0.0,0.0,0.0,0.0,0.0,0.0,0.0,0.0,0.0,4.5,6.3
324,"Miller, Von",DEN,BAL,LB,0.0,0.0,0.0,0.0,0.0,0.0,0.0,0.0,0.0,4.0,6.2
325,"Fleener, Coby",IND,@BUF,TE,0.0,0.0,0.0,0.0,2.1,28.3,0.2,0.0,0.0,0.0,6.2
326,"Trevathan, Danny",DEN,BAL,LB,0.0,0.0,0.0,0.0,0.0,0.0,0.0,0.0,0.0,5.0,6.2
327,"Johnson, Chris",ARZ,NOR,RB,0.0,0.0,33.4,0.1,1.4,9.9,0.0,0.0,0.0,0.0,6.2
328,"Scobee, Josh",PIT,@NEP,K,0.0,0.0,0.0,0.0,0.0,0.0,0.0,1.5,0.0,0.0,6.2
329,"Ihenacho, Duke",WAS,MIA,DB,0.0,0.0,0.0,0.0,0.0,0.0,0.0,0.0,0.0,3.9,6.2
330,"Moncrief, Donte",IND,@BUF,WR,0.0,0.0,0.8,0.0,2.0,28.4,0.2,0.0,0.0,0.0,6.2
331,"Brindza, Kyle",TBB,TEN,K,0.0,0.0,0.0,0.0,0.0,0.0,0.0,1.5,0.0,0.0,6.1
332,"McKelvin, Leodis",BUF,IND,DB,0.0,0.0,0.0,0.0,0.0,0.0,0.0,0.0,0.0,4.1,6.1
333,"Watt, J.J.",HOU,KCC,DL,0.0,0.0,0.0,0.0,0.0,0.0,0.0,0.0,0.0,3.5,6.1
334,"Barrington, Sam",GBP,@CHI,LB,0.0,0.0,0.0,0.0,0.0,0.0,0.0,0.0,0.0,4.2,6.1
335,"Parker, Ron",KCC,@HOU,DB,0.0,0.0,0.0,0.0,0.0,0.0,0.0,0.0,0.0,4.2,6.1
336,"Powell, Bilal",NYJ,CLE,RB,0.0,0.0,29.3,0.1,1.5,10.8,0.0,0.0,0.0,0.0,6.1
337,"Williams, Tramon",CLE,@NYJ,DB,0.0,0.0,0.0,0.0,0.0,0.0,0.0,0.0,0.0,4.3,6.1
338,"Hayward, Casey",GBP,@CHI,DB,0.0,0.0,0.0,0.0,0.0,0.0,0.0,0.0,0.0,3.9,6.1
339,"Griffin, Michael",TEN,@TBB,DB,0.0,0.0,0.0,0.0,0.0,0.0,0.0,0.0,0.0,4.2,6.1
340,"Cunningham, Benny",STL,SEA,RB,0.0,0.0,13.8,0.1,2.2,18.2,0.0,0.0,0.0,0.0,6.0
341,"Williamson, Avery",TEN,@TBB,LB,0.0,0.0,0.0,0.0,0.0,0.0,0.0,0.0,0.0,4.2,6.0
342,"Kennard, Devon",NYG,@DAL,LB,0.0,0.0,0.0,0.0,0.0,0.0,0.0,0.0,0.0,4.4,6.0
343,"Thurmond, Walter",PHI,@ATL,DB,0.0,0.0,0.0,0.0,0.0,0.0,0.0,0.0,0.0,3.3,6.0
344,"Hocker, Zach",NOR,@ARZ,K,0.0,0.0,0.0,0.0,0.0,0.0,0.0,1.1,0.0,0.0,5.9
345,"Harper, Roman",CAR,@JAC,DB,0.0,0.0,0.0,0.0,0.0,0.0,0.0,0.0,0.0,3.0,5.9
346,"Butler, Donald",SDC,DET,LB,0.0,0.0,0.0,0.0,0.0,0.0,0.0,0.0,0.0,4.5,5.9
347,"Zuerlein, Greg",STL,SEA,K,0.0,0.0,0.0,0.0,0.0,0.0,0.0,1.4,0.0,0.0,5.9
348,"Hightower, Dont'a",NEP,PIT,LB,0.0,0.0,0.0,0.0,0.0,0.0,0.0,0.0,0.0,3.7,5.9
349,"Maxwell, Byron",PHI,@ATL,DB,0.0,0.0,0.0,0.0,0.0,0.0,0.0,0.0,0.0,4.0,5.9
350,"Forbath, Kai",WAS,MIA,K,0.0,0.0,0.0,0.0,0.0,0.0,0.0,1.4,0.0,0.0,5.8
351,"Bell, Joique",DET,@SDC,RB,0.0,0.0,25.5,0.2,1.1,11.1,0.0,0.0,0.0,0.0,5.8
352,"Searcy, DaNorris",TEN,@TBB,DB,0.0,0.0,0.0,0.0,0.0,0.0,0.0,0.0,0.0,3.6,5.8
353,"Chandler, Scott",NEP,PIT,TE,0.0,0.0,-0.0,0.0,2.3,24.3,0.2,0.0,0.0,0.0,5.8
354,"Barwin, Connor",PHI,@ATL,LB,0.0,0.0,0.0,0.0,0.0,0.0,0.0,0.0,0.0,3.7,5.8
355,"Cotchery, Jerricho",CAR,@JAC,WR,0.0,0.0,0.3,0.0,2.4,26.8,0.1,0.0,0.0,0.0,5.8
356,"Verner, Alterraun",TBB,TEN,DB,0.0,0.0,0.0,0.0,0.0,0.0,0.0,0.0,0.0,3.9,5.7
357,"Blanton, Robert",MIN,@SFO,DB,0.0,0.0,0.0,0.0,0.0,0.0,0.0,0.0,0.0,4.4,5.7
358,"Tillman, Charles",CAR,@JAC,DB,0.0,0.0,0.0,0.0,0.0,0.0,0.0,0.0,0.0,3.1,5.7
359,"Goldson, Dashon",WAS,MIA,DB,0.0,0.0,0.0,0.0,0.0,0.0,0.0,0.0,0.0,4.2,5.7
360,"Hayden, D.J.",OAK,CIN,DB,0.0,0.0,0.0,0.0,0.0,0.0,0.0,0.0,0.0,4.4,5.7
361,"Branch, Tyvon",KCC,@HOU,DB,0.0,0.0,0.0,0.0,0.0,0.0,0.0,0.0,0.0,4.5,5.7
362,"Brown, Zach",TEN,@TBB,LB,0.0,0.0,0.0,0.0,0.0,0.0,0.0,0.0,0.0,4.3,5.7
363,"Mauga, Josh",KCC,@HOU,LB,0.0,0.0,0.0,0.0,0.0,0.0,0.0,0.0,0.0,4.8,5.7
364,"Jones, Matt",WAS,MIA,RB,0.0,0.0,21.6,0.1,1.5,13.9,0.0,0.0,0.0,0.0,5.7
365,"Washington, Nate",HOU,KCC,WR,0.0,0.0,0.6,0.0,2.3,31.4,0.0,0.0,0.0,0.0,5.7
366,"McCourty, Devin",NEP,PIT,DB,0.0,0.0,0.0,0.0,0.0,0.0,0.0,0.0,0.0,3.7,5.6
367,"Robertson, Craig",CLE,@NYJ,LB,0.0,0.0,0.0,0.0,0.0,0.0,0.0,0.0,0.0,3.8,5.6
368,"Janikowski, Sebastian",OAK,CIN,K,0.0,0.0,0.0,0.0,0.0,0.0,0.0,1.3,0.0,0.0,5.6
369,"Ward, Terron",ATL,PHI,RB,0.0,0.0,16.3,0.1,1.8,11.4,0.1,0.0,0.0,0.0,5.6
370,"Alford, Robert",ATL,PHI,DB,0.0,0.0,0.0,0.0,0.0,0.0,0.0,0.0,0.0,3.3,5.6
371,"Lambo, Josh",SDC,DET,K,0.0,0.0,0.0,0.0,0.0,0.0,0.0,1.2,0.0,0.0,5.6
372,"McKinnon, Jerick",MIN,@SFO,RB,0.0,0.0,29.9,0.0,1.5,8.9,0.0,0.0,0.0,0.0,5.5
373,"Sheppard, Kelvin",MIA,@WAS,LB,0.0,0.0,0.0,0.0,0.0,0.0,0.0,0.0,0.0,4.2,5.5
374,"Jones, Adam",CIN,@OAK,DB,0.0,0.0,0.0,0.0,0.0,0.0,0.0,0.0,0.0,3.6,5.5
375,"Riley, Perry",WAS,MIA,LB,0.0,0.0,0.0,0.0,0.0,0.0,0.0,0.0,0.0,3.9,5.5
376,"Santos, Cairo",KCC,@HOU,K,0.0,0.0,0.0,0.0,0.0,0.0,0.0,1.3,0.0,0.0,5.5
377,"McLeod, Rodney",STL,SEA,DB,0.0,0.0,0.0,0.0,0.0,0.0,0.0,0.0,0.0,3.8,5.5
378,"Holmes, Andre",OAK,CIN,WR,0.0,0.0,0.0,0.0,2.1,27.8,0.1,0.0,0.0,0.0,5.5
379,"Spiller, C.J.",NOR,@ARZ,RB,0.0,0.0,19.0,0.1,1.6,12.1,0.1,0.0,0.0,0.0,5.5
380,"Williams, Damien",MIA,@WAS,RB,0.0,0.0,13.7,0.0,1.8,16.5,0.1,0.0,0.0,0.0,5.5
381,"Williams, Duke",BUF,IND,DB,0.0,0.0,0.0,0.0,0.0,0.0,0.0,0.0,0.0,3.5,5.5
382,"Parker, DeVante",MIA,@WAS,WR,0.0,0.0,0.3,0.0,1.8,36.7,0.0,0.0,0.0,0.0,5.5
383,"Brown, Josh",NYG,@DAL,K,0.0,0.0,0.0,0.0,0.0,0.0,0.0,1.2,0.0,0.0,5.5
384,"Hester, Devin",ATL,PHI,WR,0.0,0.0,1.8,0.1,2.0,25.7,0.1,0.0,0.0,0.0,5.4
385,"Huff, Josh",PHI,@ATL,WR,0.0,0.0,0.0,0.0,2.4,30.2,0.0,0.0,0.0,0.0,5.4
386,"Brown, Philly",CAR,@JAC,WR,0.0,0.0,3.3,0.0,2.1,27.1,0.1,0.0,0.0,0.0,5.4
387,"Amukamara, Prince",NYG,@DAL,DB,0.0,0.0,0.0,0.0,0.0,0.0,0.0,0.0,0.0,3.6,5.4
388,"Ryans, Demeco",PHI,@ATL,LB,0.0,0.0,0.0,0.0,0.0,0.0,0.0,0.0,0.0,4.0,5.4
389,"Verrett, Jason",SDC,DET,DB,0.0,0.0,0.0,0.0,0.0,0.0,0.0,0.0,0.0,4.1,5.4
390,"Lansanah, Danny",TBB,TEN,LB,0.0,0.0,0.0,0.0,0.0,0.0,0.0,0.0,0.0,3.7,5.4
391,"Abdullah, Husain",KCC,@HOU,DB,0.0,0.0,0.0,0.0,0.0,0.0,0.0,0.0,0.0,3.8,5.3
392,"Lewis, Kendrick",BAL,@DEN,DB,0.0,0.0,0.0,0.0,0.0,0.0,0.0,0.0,0.0,3.1,5.3
393,"Grimes, Brent",MIA,@WAS,DB,0.0,0.0,0.0,0.0,0.0,0.0,0.0,0.0,0.0,3.8,5.3
394,"Hall, DeAngelo",WAS,MIA,DB,0.0,0.0,0.0,0.0,0.0,0.0,0.0,0.0,0.0,3.9,5.3
395,"Wilhoite, Michael",SFO,MIN,LB,0.0,0.0,0.0,0.0,0.0,0.0,0.0,0.0,0.0,3.9,5.3
396,"Jenkins, Janoris",STL,SEA,DB,0.0,0.0,0.0,0.0,0.0,0.0,0.0,0.0,0.0,4.0,5.3
397,"Gabriel, Taylor",CLE,@NYJ,WR,0.0,0.0,-0.0,0.0,1.9,31.4,0.0,0.0,0.0,0.0,5.3
398,"Wilcox, J.J.",DAL,NYG,DB,0.0,0.0,0.0,0.0,0.0,0.0,0.0,0.0,0.0,3.6,5.3
399,"Sherman, Richard",SEA,@STL,DB,0.0,0.0,0.0,0.0,0.0,0.0,0.0,0.0,0.0,3.0,5.3
400,"Rey, Vincent",CIN,@OAK,LB,0.0,0.0,0.0,0.0,0.0,0.0,0.0,0.0,0.0,3.4,5.3
401,"Taliaferro, Lorenzo",BAL,@DEN,RB,0.0,0.0,21.7,0.2,1.0,10.5,0.0,0.0,0.0,0.0,5.3
402,"Robinson, Khiry",NOR,@ARZ,RB,0.0,0.0,23.9,0.2,1.1,7.6,0.0,0.0,0.0,0.0,5.3
403,"Mitchell, Mike",PIT,@NEP,DB,0.0,0.0,0.0,0.0,0.0,0.0,0.0,0.0,0.0,3.8,5.2
404,"Bolden, Brandon",NEP,PIT,RB,0.0,0.0,15.9,0.1,1.5,13.9,0.0,0.0,0.0,0.0,5.2
405,"Johnson, Trumaine",STL,SEA,DB,0.0,0.0,0.0,0.0,0.0,0.0,0.0,0.0,0.0,4.0,5.2
406,"Kerrigan, Ryan",WAS,MIA,LB,0.0,0.0,0.0,0.0,0.0,0.0,0.0,0.0,0.0,3.5,5.2
407,"Starks, James",GBP,@CHI,RB,0.0,0.0,25.3,0.1,1.0,7.4,0.0,0.0,0.0,0.0,5.2
408,"Durant, Justin",ATL,PHI,LB,0.0,0.0,0.0,0.0,0.0,0.0,0.0,0.0,0.0,3.4,5.2
409,"Thomas, James",NYG,@DAL,LB,0.0,0.0,0.0,0.0,0.0,0.0,0.0,0.0,0.0,3.5,5.2
410,"Jefferson, Tony",ARZ,NOR,DB,0.0,0.0,0.0,0.0,0.0,0.0,0.0,0.0,0.0,4.4,5.1
411,"Wright, K.J.",SEA,@STL,LB,0.0,0.0,0.0,0.0,0.0,0.0,0.0,0.0,0.0,3.9,5.1
412,"Williams, Aaron",BUF,IND,DB,0.0,0.0,0.0,0.0,0.0,0.0,0.0,0.0,0.0,2.9,5.1
413,"Skrine, Buster",NYJ,CLE,DB,0.0,0.0,0.0,0.0,0.0,0.0,0.0,0.0,0.0,3.5,5.1
414,"Coons, Travis",CLE,@NYJ,K,0.0,0.0,0.0,0.0,0.0,0.0,0.0,1.3,0.0,0.0,5.1
415,"Hitchens, Anthony",DAL,NYG,LB,0.0,0.0,0.0,0.0,0.0,0.0,0.0,0.0,0.0,3.9,5.1
416,"Rainey, Bobby",TBB,TEN,RB,0.0,0.0,16.4,0.1,1.6,14.3,0.0,0.0,0.0,0.0,5.1
417,"Cumberland, Jeff",NYJ,CLE,TE,0.0,0.0,0.0,0.0,1.7,20.6,0.2,0.0,0.0,0.0,5.0
418,"Vereen, Brock",CHI,GBP,DB,0.0,0.0,0.0,0.0,0.0,0.0,0.0,0.0,0.0,3.9,5.0
419,"Green, Virgil",DEN,BAL,TE,0.0,0.0,0.3,0.0,1.4,29.4,0.1,0.0,0.0,0.0,5.0
420,"Artis-Payne, Cameron",CAR,@JAC,RB,0.0,0.0,23.0,0.1,1.2,7.8,0.1,0.0,0.0,0.0,5.0
421,"Robinson, Josh",IND,@BUF,RB,0.0,0.0,19.6,0.1,1.2,11.5,0.0,0.0,0.0,0.0,5.0
422,"Alexander, Kwon",TBB,TEN,LB,0.0,0.0,0.0,0.0,0.0,0.0,0.0,0.0,0.0,3.3,5.0
423,"Addae, Jahleel",SDC,DET,DB,0.0,0.0,0.0,0.0,0.0,0.0,0.0,0.0,0.0,3.5,5.0
424,"Williams, Cary",SEA,@STL,DB,0.0,0.0,0.0,0.0,0.0,0.0,0.0,0.0,0.0,3.8,5.0
425,"Roby, Bradley",DEN,BAL,DB,0.0,0.0,0.0,0.0,0.0,0.0,0.0,0.0,0.0,3.3,5.0
426,"Haden, Joe",CLE,@NYJ,DB,0.0,0.0,0.0,0.0,0.0,0.0,0.0,0.0,0.0,2.9,5.0
427,"Minter, Kevin",ARZ,NOR,LB,0.0,0.0,0.0,0.0,0.0,0.0,0.0,0.0,0.0,4.3,5.0
428,"Cooper, Riley",PHI,@ATL,WR,0.0,0.0,0.0,0.0,2.3,24.3,0.1,0.0,0.0,0.0,5.0
429,"Lee, Marqise",JAC,CAR,WR,0.0,0.0,0.4,0.0,2.2,24.6,0.0,0.0,0.0,0.0,4.9
430,"Quinn, Robert",STL,SEA,DL,0.0,0.0,0.0,0.0,0.0,0.0,0.0,0.0,0.0,2.8,4.9
431,"Cox, Perrish",TEN,@TBB,DB,0.0,0.0,0.0,0.0,0.0,0.0,0.0,0.0,0.0,3.3,4.9
432,"Flowers, Brandon",SDC,DET,DB,0.0,0.0,0.0,0.0,0.0,0.0,0.0,0.0,0.0,3.6,4.9
433,"Maualuga, Rey",CIN,@OAK,LB,0.0,0.0,0.0,0.0,0.0,0.0,0.0,0.0,0.0,3.4,4.9
434,"McCluster, Dexter",TEN,@TBB,RB,0.0,0.0,8.7,0.0,2.1,15.8,0.1,0.0,0.0,0.0,4.9
435,"Kendricks, Lance",STL,SEA,TE,0.0,0.0,0.0,0.0,1.7,16.2,0.3,0.0,0.0,0.0,4.9
436,"Lowery, Dwight",IND,@BUF,DB,0.0,0.0,0.0,0.0,0.0,0.0,0.0,0.0,0.0,3.2,4.9
437,"Davis, Vontae",IND,@BUF,DB,0.0,0.0,0.0,0.0,0.0,0.0,0.0,0.0,0.0,2.7,4.9
438,"Banks, Jonthan",TBB,TEN,DB,0.0,0.0,0.0,0.0,0.0,0.0,0.0,0.0,0.0,2.9,4.9
439,"Slay, Darius",DET,@SDC,DB,0.0,0.0,0.0,0.0,0.0,0.0,0.0,0.0,0.0,3.0,4.8
440,"Wreh-Wilson, Blidi",TEN,@TBB,DB,0.0,0.0,0.0,0.0,0.0,0.0,0.0,0.0,0.0,3.7,4.8
441,"Moore, Rahim",HOU,KCC,DB,0.0,0.0,0.0,0.0,0.0,0.0,0.0,0.0,0.0,3.2,4.8
442,"Gould, Robbie",CHI,GBP,K,0.0,0.0,0.0,0.0,0.0,0.0,0.0,1.0,0.0,0.0,4.8
443,"Newman, Terence",MIN,@SFO,DB,0.0,0.0,0.0,0.0,0.0,0.0,0.0,0.0,0.0,3.2,4.8
444,"Lockett, Tyler",SEA,@STL,WR,0.0,0.0,0.1,0.0,2.1,23.1,0.0,0.0,0.0,0.0,4.7
445,"Myers, Jason",JAC,CAR,K,0.0,0.0,0.0,0.0,0.0,0.0,0.0,1.3,0.0,0.0,4.7
446,"Succop, Ryan",TEN,@TBB,K,0.0,0.0,0.0,0.0,0.0,0.0,0.0,1.0,0.0,0.0,4.7
447,"Gilchrist, Marcus",NYJ,CLE,DB,0.0,0.0,0.0,0.0,0.0,0.0,0.0,0.0,0.0,3.4,4.7
448,"Gratz, Dwayne",JAC,CAR,DB,0.0,0.0,0.0,0.0,0.0,0.0,0.0,0.0,0.0,2.9,4.7
449,"Allen, Jared",CHI,GBP,LB,0.0,0.0,0.0,0.0,0.0,0.0,0.0,0.0,0.0,3.2,4.7
450,"Powers, Jerraud",ARZ,NOR,DB,0.0,0.0,0.0,0.0,0.0,0.0,0.0,0.0,0.0,3.1,4.6
451,"Culliver, Chris",WAS,MIA,DB,0.0,0.0,0.0,0.0,0.0,0.0,0.0,0.0,0.0,2.8,4.6
452,"Jackson, Kareem",HOU,KCC,DB,0.0,0.0,0.0,0.0,0.0,0.0,0.0,0.0,0.0,3.5,4.6
453,"Hawthorne, David",NOR,@ARZ,LB,0.0,0.0,0.0,0.0,0.0,0.0,0.0,0.0,0.0,2.9,4.6
454,"Webb, Lardarius",BAL,@DEN,DB,0.0,0.0,0.0,0.0,0.0,0.0,0.0,0.0,0.0,3.3,4.6
455,"Quarless, Andrew",GBP,@CHI,TE,0.0,0.0,0.0,0.0,1.7,18.4,0.2,0.0,0.0,0.0,4.6
456,"Talib, Aqib",DEN,BAL,DB,0.0,0.0,0.0,0.0,0.0,0.0,0.0,0.0,0.0,2.9,4.6
457,"Lewis, Marcedes",JAC,CAR,TE,0.0,0.0,0.0,0.0,1.4,18.5,0.2,0.0,0.0,0.0,4.6
458,"Hunter, Justin",TEN,@TBB,WR,0.0,0.0,0.0,0.0,1.5,23.4,0.1,0.0,0.0,0.0,4.6
459,"Conte, Chris",TBB,TEN,DB,0.0,0.0,0.0,0.0,0.0,0.0,0.0,0.0,0.0,2.9,4.6
460,"Aiken, Kamar",BAL,@DEN,WR,0.0,0.0,0.0,0.0,1.7,18.1,0.2,0.0,0.0,0.0,4.5
461,"Dobson, Aaron",NEP,PIT,WR,0.0,0.0,-0.0,0.0,2.0,19.4,0.1,0.0,0.0,0.0,4.5
462,"McClellin, Shea",CHI,GBP,LB,0.0,0.0,0.0,0.0,0.0,0.0,0.0,0.0,0.0,3.6,4.5
463,"Peppers, Julius",GBP,@CHI,LB,0.0,0.0,0.0,0.0,0.0,0.0,0.0,0.0,0.0,2.1,4.5
464,"Bartu, Joplo",ATL,PHI,LB,0.0,0.0,0.0,0.0,0.0,0.0,0.0,0.0,0.0,3.3,4.5
465,"Carr, Brandon",DAL,NYG,DB,0.0,0.0,0.0,0.0,0.0,0.0,0.0,0.0,0.0,3.7,4.5
466,"Williams, Mario",BUF,IND,DL,0.0,0.0,0.0,0.0,0.0,0.0,0.0,0.0,0.0,2.4,4.4
467,"Riddick, Theo",DET,@SDC,RB,0.0,0.0,2.2,0.0,1.7,14.8,0.1,0.0,0.0,0.0,4.4
468,"Pleasant, Eddie",HOU,KCC,DB,0.0,0.0,0.0,0.0,0.0,0.0,0.0,0.0,0.0,3.2,4.4
469,"Smith, Jimmy",BAL,@DEN,DB,0.0,0.0,0.0,0.0,0.0,0.0,0.0,0.0,0.0,2.7,4.4
470,"Brown, Donald",SDC,DET,RB,0.0,0.0,14.3,0.0,1.6,11.5,0.0,0.0,0.0,0.0,4.4
471,"Allen, Cortez",PIT,@NEP,DB,0.0,0.0,0.0,0.0,0.0,0.0,0.0,0.0,0.0,2.9,4.3
472,"Biermann, Kroy",ATL,PHI,LB,0.0,0.0,0.0,0.0,0.0,0.0,0.0,0.0,0.0,2.8,4.3
473,"Carrie, Travis",OAK,CIN,DB,0.0,0.0,0.0,0.0,0.0,0.0,0.0,0.0,0.0,3.4,4.3
474,"Coleman, Tevin",ATL,PHI,RB,0.0,0.0,16.0,0.2,0.8,6.9,0.0,0.0,0.0,0.0,4.3
475,"Graham, Brandon",PHI,@ATL,LB,0.0,0.0,0.0,0.0,0.0,0.0,0.0,0.0,0.0,3.0,4.3
476,"Bostic, Jon",CHI,GBP,LB,0.0,0.0,0.0,0.0,0.0,0.0,0.0,0.0,0.0,3.6,4.3
477,"Robinson, Denard",JAC,CAR,RB,0.0,0.0,22.4,0.1,1.0,6.0,0.0,0.0,0.0,0.0,4.3
478,"Kerley, Jeremy",NYJ,CLE,WR,0.0,0.0,1.7,0.0,1.9,20.6,0.0,0.0,0.0,0.0,4.3
479,"Hankerson, Leonard",ATL,PHI,WR,0.0,0.0,0.1,0.0,1.9,20.5,0.1,0.0,0.0,0.0,4.3
480,"Gilmore, Stephon",BUF,IND,DB,0.0,0.0,0.0,0.0,0.0,0.0,0.0,0.0,0.0,2.7,4.3
481,"Peterson, Patrick",ARZ,NOR,DB,0.0,0.0,0.0,0.0,0.0,0.0,0.0,0.0,0.0,3.1,4.3
482,"Te'o, Manti",SDC,DET,LB,0.0,0.0,0.0,0.0,0.0,0.0,0.0,0.0,0.0,3.1,4.2
483,"Suggs, Terrell",BAL,@DEN,LB,0.0,0.0,0.0,0.0,0.0,0.0,0.0,0.0,0.0,2.4,4.2
484,"Dixon, Anthony",BUF,IND,RB,0.0,0.0,25.4,0.1,0.6,3.8,0.0,0.0,0.0,0.0,4.2
485,"Austin, Miles",PHI,@ATL,WR,0.0,0.0,0.0,0.0,1.8,22.4,0.0,0.0,0.0,0.0,4.2
486,"Woodyard , Wesley",TEN,@TBB,LB,0.0,0.0,0.0,0.0,0.0,0.0,0.0,0.0,0.0,2.7,4.2
487,"Ford, Chase",MIN,@SFO,TE,0.0,0.0,0.0,0.0,1.9,22.8,0.0,0.0,0.0,0.0,4.2
488,"Hali, Tamba",KCC,@HOU,LB,0.0,0.0,0.0,0.0,0.0,0.0,0.0,0.0,0.0,3.1,4.2
489,"Dunlap, Carlos",CIN,@OAK,DL,0.0,0.0,0.0,0.0,0.0,0.0,0.0,0.0,0.0,2.4,4.2
490,"Mohamed, Mike",HOU,KCC,LB,0.0,0.0,0.0,0.0,0.0,0.0,0.0,0.0,0.0,2.4,4.2
491,"Stewart, Darian",DEN,BAL,DB,0.0,0.0,0.0,0.0,0.0,0.0,0.0,0.0,0.0,2.6,4.2
492,"Wake, Cameron",MIA,@WAS,DL,0.0,0.0,0.0,0.0,0.0,0.0,0.0,0.0,0.0,2.5,4.2
493,"Cooper, Marcus",KCC,@HOU,DB,0.0,0.0,0.0,0.0,0.0,0.0,0.0,0.0,0.0,3.1,4.2
494,"Wright, Shareece",SFO,MIN,DB,0.0,0.0,0.0,0.0,0.0,0.0,0.0,0.0,0.0,3.2,4.2
495,"Chung, Patrick",NEP,PIT,DB,0.0,0.0,0.0,0.0,0.0,0.0,0.0,0.0,0.0,2.8,4.2
496,"Reece, Marcel",OAK,CIN,RB,0.0,0.0,5.6,0.0,2.1,15.5,0.0,0.0,0.0,0.0,4.1
497,"Whitehead, Tahir",DET,@SDC,LB,0.0,0.0,0.0,0.0,0.0,0.0,0.0,0.0,0.0,3.3,4.1
498,"Casey, Jurrell",TEN,@TBB,DL,0.0,0.0,0.0,0.0,0.0,0.0,0.0,0.0,0.0,2.9,4.1
499,"Ninkovich, Rob",NEP,PIT,DL,0.0,0.0,0.0,0.0,0.0,0.0,0.0,0.0,0.0,2.5,4.1
500,"Kirkpatrick, Dre",CIN,@OAK,DB,0.0,0.0,0.0,0.0,0.0,0.0,0.0,0.0,0.0,2.1,4.1
501,"Campbell, Calais",ARZ,NOR,DL,0.0,0.0,0.0,0.0,0.0,0.0,0.0,0.0,0.0,2.7,4.1
502,"Gay, William",PIT,@NEP,DB,0.0,0.0,0.0,0.0,0.0,0.0,0.0,0.0,0.0,2.9,4.1
503,"Rodgers-Cromartie, Dominique",NYG,@DAL,DB,0.0,0.0,0.0,0.0,0.0,0.0,0.0,0.0,0.0,2.5,4.1
504,"Asiata, Matt",MIN,@SFO,RB,0.0,0.0,13.7,0.2,0.9,5.8,0.0,0.0,0.0,0.0,4.1
505,"Joyner, Lamarcus",STL,SEA,DB,0.0,0.0,0.0,0.0,0.0,0.0,0.0,0.0,0.0,3.3,4.0
506,"Harrison, James",PIT,@NEP,LB,0.0,0.0,0.0,0.0,0.0,0.0,0.0,0.0,0.0,2.9,4.0
507,"Hall, Leon",CIN,@OAK,DB,0.0,0.0,0.0,0.0,0.0,0.0,0.0,0.0,0.0,2.8,4.0
508,"Austin, Tavon",STL,SEA,WR,0.0,0.0,8.6,0.0,1.5,12.9,0.0,0.0,0.0,0.0,4.0
509,"Mathis, Rashean",DET,@SDC,DB,0.0,0.0,0.0,0.0,0.0,0.0,0.0,0.0,0.0,2.9,4.0
510,"Swearinger, D.J.",TBB,TEN,DB,0.0,0.0,0.0,0.0,0.0,0.0,0.0,0.0,0.0,2.7,4.0
511,"Iloka, George",CIN,@OAK,DB,0.0,0.0,0.0,0.0,0.0,0.0,0.0,0.0,0.0,2.3,4.0
512,"Rhodes, Xavier",MIN,@SFO,DB,0.0,0.0,0.0,0.0,0.0,0.0,0.0,0.0,0.0,2.5,4.0
513,"Reid, Eric",SFO,MIN,DB,0.0,0.0,0.0,0.0,0.0,0.0,0.0,0.0,0.0,2.6,3.9
514,"Dorsett, Phillip",IND,@BUF,WR,0.0,0.0,-0.3,0.0,2.2,18.7,0.0,0.0,0.0,0.0,3.9
515,"Kruger, Paul",CLE,@NYJ,LB,0.0,0.0,0.0,0.0,0.0,0.0,0.0,0.0,0.0,2.2,3.9
516,"Suh, Ndamukong",MIA,@WAS,DL,0.0,0.0,0.0,0.0,0.0,0.0,0.0,0.0,0.0,2.7,3.9
517,"Vernon, Olivier",MIA,@WAS,DL,0.0,0.0,0.0,0.0,0.0,0.0,0.0,0.0,0.0,2.6,3.8
518,"Ryan, Logan",NEP,PIT,DB,0.0,0.0,0.0,0.0,0.0,0.0,0.0,0.0,0.0,2.2,3.8
519,"Willson, Luke",SEA,@STL,TE,0.0,0.0,0.0,0.0,1.3,17.0,0.1,0.0,0.0,0.0,3.8
520,"McCoy, Gerald",TBB,TEN,DL,0.0,0.0,0.0,0.0,0.0,0.0,0.0,0.0,0.0,2.3,3.7
521,"Meriweather, Brandon",NYG,@DAL,DB,0.0,0.0,0.0,0.0,0.0,0.0,0.0,0.0,0.0,2.3,3.7
522,"Lawrence, Demarcus",DAL,NYG,DL,0.0,0.0,0.0,0.0,0.0,0.0,0.0,0.0,0.0,1.8,3.7
523,"Brown, Bryce",BUF,IND,RB,0.0,0.0,11.6,0.0,1.3,12.9,0.0,0.0,0.0,0.0,3.7
524,"Brown, Tarell",NEP,PIT,DB,0.0,0.0,0.0,0.0,0.0,0.0,0.0,0.0,0.0,3.1,3.7
525,"White, Corey",DAL,NYG,DB,0.0,0.0,0.0,0.0,0.0,0.0,0.0,0.0,0.0,2.8,3.7
526,"Griffin III, Robert",WAS,MIA,QB,71.1,0.2,9.8,0.0,0.0,0.0,0.0,0.0,0.0,0.0,3.7
527,"Sanchez, Mark",PHI,@ATL,QB,58.6,0.4,1.9,0.0,0.0,0.0,0.0,0.0,0.0,0.0,3.7
528,"Johnson, Duke",CLE,@NYJ,RB,0.0,0.0,19.2,0.0,1.0,7.2,0.0,0.0,0.0,0.0,3.7
529,"Polk, Chris",HOU,KCC,RB,0.0,0.0,14.7,0.2,0.4,4.8,0.1,0.0,0.0,0.0,3.7
530,"Moore, Sterling",TBB,TEN,DB,0.0,0.0,0.0,0.0,0.0,0.0,0.0,0.0,0.0,2.3,3.7
531,"Griffen, Everson",MIN,@SFO,DL,0.0,0.0,0.0,0.0,0.0,0.0,0.0,0.0,0.0,2.2,3.7
532,"Wilkerson, Muhammad",NYJ,CLE,DL,0.0,0.0,0.0,0.0,0.0,0.0,0.0,0.0,0.0,2.1,3.7
533,"Lynch, Aaron",SFO,MIN,LB,0.0,0.0,0.0,0.0,0.0,0.0,0.0,0.0,0.0,2.5,3.7
534,"Donald, Aaron",STL,SEA,DL,0.0,0.0,0.0,0.0,0.0,0.0,0.0,0.0,0.0,2.4,3.7
535,"Patton, Quinton",SFO,MIN,WR,0.0,0.0,1.3,0.0,1.6,18.8,0.0,0.0,0.0,0.0,3.7
536,"Green-Beckham, Dorial",TEN,@TBB,WR,0.0,0.0,0.0,0.0,1.5,20.7,0.0,0.0,0.0,0.0,3.7
537,"Stanton, Drew",ARZ,NOR,QB,63.3,0.3,1.4,0.0,0.0,0.0,0.0,0.0,0.0,0.0,3.7
538,"Liuget, Corey",SDC,DET,DL,0.0,0.0,0.0,0.0,0.0,0.0,0.0,0.0,0.0,2.7,3.7
539,"Rodgers, Jacquizz",CHI,GBP,RB,0.0,0.0,13.0,0.0,1.2,8.9,0.0,0.0,0.0,0.0,3.7
540,"Fletcher, Bradley ",NEP,PIT,DB,0.0,0.0,0.0,0.0,0.0,0.0,0.0,0.0,0.0,2.6,3.6
541,"Bears, Chicago",CHI,GBP,D,0.0,0.0,0.0,0.0,0.0,0.0,0.0,0.0,38.4,0.0,3.6
542,"Tolbert, Mike",CAR,@JAC,RB,0.0,0.0,11.0,0.0,1.4,10.2,0.0,0.0,0.0,0.0,3.6
543,"Kirksey, Christian",CLE,@NYJ,LB,0.0,0.0,0.0,0.0,0.0,0.0,0.0,0.0,0.0,2.4,3.6
544,"Shields, Sam",GBP,@CHI,DB,0.0,0.0,0.0,0.0,0.0,0.0,0.0,0.0,0.0,2.3,3.6
545,"Morgan, Derrick",TEN,@TBB,LB,0.0,0.0,0.0,0.0,0.0,0.0,0.0,0.0,0.0,2.3,3.6
546,"Butler, Malcolm",NEP,PIT,DB,0.0,0.0,0.0,0.0,0.0,0.0,0.0,0.0,0.0,2.4,3.6
547,"Lawson, Manny",BUF,IND,LB,0.0,0.0,0.0,0.0,0.0,0.0,0.0,0.0,0.0,2.5,3.6
548,"Wilson, Marquess",CHI,GBP,WR,0.0,0.0,0.2,0.0,1.5,11.3,0.2,0.0,0.0,0.0,3.6
549,"Atkins, Geno",CIN,@OAK,DL,0.0,0.0,0.0,0.0,0.0,0.0,0.0,0.0,0.0,2.2,3.6
550,"Sims, Dion",MIA,@WAS,TE,0.0,0.0,0.0,0.0,1.4,15.0,0.1,0.0,0.0,0.0,3.5
551,"Stacy, Zac",NYJ,CLE,RB,0.0,0.0,17.7,0.0,0.9,7.1,0.0,0.0,0.0,0.0,3.5
552,"Cole, Trent",IND,@BUF,LB,0.0,0.0,0.0,0.0,0.0,0.0,0.0,0.0,0.0,2.5,3.5
553,"Arrington, Kyle",BAL,@DEN,DB,0.0,0.0,0.0,0.0,0.0,0.0,0.0,0.0,0.0,2.4,3.5
554,"Brown, Marlon",BAL,@DEN,WR,0.0,0.0,0.2,0.0,1.7,16.8,0.0,0.0,0.0,0.0,3.5
555,"Gilbert, Justin",CLE,@NYJ,DB,0.0,0.0,0.0,0.0,0.0,0.0,0.0,0.0,0.0,2.3,3.5
556,"Hughes, Jerry",BUF,IND,DL,0.0,0.0,0.0,0.0,0.0,0.0,0.0,0.0,0.0,2.3,3.5
557,"Boston, Tre",CAR,@JAC,DB,0.0,0.0,0.0,0.0,0.0,0.0,0.0,0.0,0.0,2.2,3.5
558,"Okafor, Alex",ARZ,NOR,LB,0.0,0.0,0.0,0.0,0.0,0.0,0.0,0.0,0.0,2.3,3.5
559,"Brown, Sergio",JAC,CAR,DB,0.0,0.0,0.0,0.0,0.0,0.0,0.0,0.0,0.0,2.5,3.5
560,"Gaines, Phillip",KCC,@HOU,DB,0.0,0.0,0.0,0.0,0.0,0.0,0.0,0.0,0.0,2.9,3.5
561,"Jones, Jarvis",PIT,@NEP,LB,0.0,0.0,0.0,0.0,0.0,0.0,0.0,0.0,0.0,2.2,3.5
562,"Jones, Chandler",NEP,PIT,DL,0.0,0.0,0.0,0.0,0.0,0.0,0.0,0.0,0.0,2.1,3.5
563,"Matthews, Rishard",MIA,@WAS,WR,0.0,0.0,0.4,0.0,1.3,15.0,0.1,0.0,0.0,0.0,3.4
564,"Jones, Christian",CHI,GBP,LB,0.0,0.0,0.0,0.0,0.0,0.0,0.0,0.0,0.0,2.4,3.4
565,"Mathis, Robert",IND,@BUF,LB,0.0,0.0,0.0,0.0,0.0,0.0,0.0,0.0,0.0,1.9,3.4
566,"Ansah, Ezekiel",DET,@SDC,DL,0.0,0.0,0.0,0.0,0.0,0.0,0.0,0.0,0.0,2.2,3.4
567,"Amerson, David",WAS,MIA,DB,0.0,0.0,0.0,0.0,0.0,0.0,0.0,0.0,0.0,2.7,3.4
568,"Hatcher, Jason",WAS,MIA,DL,0.0,0.0,0.0,0.0,0.0,0.0,0.0,0.0,0.0,1.9,3.4
569,"Enunwa, Quincy",NYJ,CLE,WR,0.0,0.0,2.7,0.0,1.5,16.3,0.0,0.0,0.0,0.0,3.4
570,"Whittaker, Fozzy",CAR,@JAC,RB,0.0,0.0,10.5,0.0,0.6,7.5,0.1,0.0,0.0,0.0,3.4
571,"Mercilus, Whitney",HOU,KCC,LB,0.0,0.0,0.0,0.0,0.0,0.0,0.0,0.0,0.0,2.2,3.4
572,"Robey, Nickell",BUF,IND,DB,0.0,0.0,0.0,0.0,0.0,0.0,0.0,0.0,0.0,2.2,3.3
573,"Moore, Damontre",NYG,@DAL,DL,0.0,0.0,0.0,0.0,0.0,0.0,0.0,0.0,0.0,2.1,3.3
574,"Taylor, Cooper",NYG,@DAL,DB,0.0,0.0,0.0,0.0,0.0,0.0,0.0,0.0,0.0,2.6,3.3
575,"Murphy, Louis",TBB,TEN,WR,0.0,0.0,0.2,0.0,1.3,15.6,0.1,0.0,0.0,0.0,3.3
576,"Taylor, Stepfan",ARZ,NOR,RB,0.0,0.0,12.1,0.0,0.6,4.5,0.1,0.0,0.0,0.0,3.3
577,"Misi, Koa",MIA,@WAS,LB,0.0,0.0,0.0,0.0,0.0,0.0,0.0,0.0,0.0,2.7,3.3
578,"Cox, Fletcher",PHI,@ATL,DL,0.0,0.0,0.0,0.0,0.0,0.0,0.0,0.0,0.0,2.5,3.3
579,"Williams, Kyle",BUF,IND,DL,0.0,0.0,0.0,0.0,0.0,0.0,0.0,0.0,0.0,2.2,3.3
580,"Heyward, Cameron",PIT,@NEP,DL,0.0,0.0,0.0,0.0,0.0,0.0,0.0,0.0,0.0,2.0,3.2
581,"Werner, Bjoern",IND,@BUF,LB,0.0,0.0,0.0,0.0,0.0,0.0,0.0,0.0,0.0,2.4,3.2
582,"Gerhart, Toby",JAC,CAR,RB,0.0,0.0,12.6,0.0,0.9,8.9,0.0,0.0,0.0,0.0,3.2
583,"Dumervil, Elvis",BAL,@DEN,LB,0.0,0.0,0.0,0.0,0.0,0.0,0.0,0.0,0.0,1.8,3.2
584,"Benwikere, Bene",CAR,@JAC,DB,0.0,0.0,0.0,0.0,0.0,0.0,0.0,0.0,0.0,2.2,3.2
585,"Jordan, Cameron",NOR,@ARZ,DL,0.0,0.0,0.0,0.0,0.0,0.0,0.0,0.0,0.0,1.8,3.2
586,"Ingram, Melvin",SDC,DET,LB,0.0,0.0,0.0,0.0,0.0,0.0,0.0,0.0,0.0,2.2,3.2
587,"Bennett, Michael",SEA,@STL,DL,0.0,0.0,0.0,0.0,0.0,0.0,0.0,0.0,0.0,1.9,3.2
588,"Upshaw, Courtney",BAL,@DEN,LB,0.0,0.0,0.0,0.0,0.0,0.0,0.0,0.0,0.0,2.2,3.2
589,"Henne, Chad",JAC,CAR,QB,53.5,0.3,2.2,0.0,0.0,0.0,0.0,0.0,0.0,0.0,3.2
590,"Devito, Mike",KCC,@HOU,DL,0.0,0.0,0.0,0.0,0.0,0.0,0.0,0.0,0.0,2.4,3.1
591,"Smith, Jacquies",TBB,TEN,DL,0.0,0.0,0.0,0.0,0.0,0.0,0.0,0.0,0.0,1.8,3.1
592,"Carter, Bruce",TBB,TEN,LB,0.0,0.0,0.0,0.0,0.0,0.0,0.0,0.0,0.0,2.0,3.1
593,"Sutton, Will",CHI,GBP,DL,0.0,0.0,0.0,0.0,0.0,0.0,0.0,0.0,0.0,1.7,3.1
594,"Johnson, Michael",CIN,@OAK,DL,0.0,0.0,0.0,0.0,0.0,0.0,0.0,0.0,0.0,1.9,3.1
595,"Tuck, Justin",OAK,CIN,DL,0.0,0.0,0.0,0.0,0.0,0.0,0.0,0.0,0.0,1.9,3.1
596,"Hankins, Jonathan",NYG,@DAL,DL,0.0,0.0,0.0,0.0,0.0,0.0,0.0,0.0,0.0,1.7,3.1
597,"Avant, Jason",KCC,@HOU,WR,0.0,0.0,0.0,0.0,1.6,15.7,0.0,0.0,0.0,0.0,3.1
598,"Hodges, Gerald",MIN,@SFO,LB,0.0,0.0,0.0,0.0,0.0,0.0,0.0,0.0,0.0,2.3,3.1
599,"McCray, Demetrius",JAC,CAR,DB,0.0,0.0,0.0,0.0,0.0,0.0,0.0,0.0,0.0,2.5,3.1
600,"Wilson, Jimmy",SDC,DET,DB,0.0,0.0,0.0,0.0,0.0,0.0,0.0,0.0,0.0,2.5,3.1
601,"Hawk, A.J.",CIN,@OAK,LB,0.0,0.0,0.0,0.0,0.0,0.0,0.0,0.0,0.0,2.1,3.1
602,"Revis, Darrelle",NYJ,CLE,DB,0.0,0.0,0.0,0.0,0.0,0.0,0.0,0.0,0.0,2.1,3.1
603,"Dray, Jim",CLE,@NYJ,TE,0.0,0.0,0.3,0.0,1.2,15.4,0.1,0.0,0.0,0.0,3.1
604,"House, Davon",JAC,CAR,DB,0.0,0.0,0.0,0.0,0.0,0.0,0.0,0.0,0.0,2.0,3.1
605,"Williams, Leonard",NYJ,CLE,DL,0.0,0.0,0.0,0.0,0.0,0.0,0.0,0.0,0.0,2.0,3.1
606,"Fells, Daniel",NYG,@DAL,TE,0.0,0.0,0.0,0.0,1.0,11.7,0.2,0.0,0.0,0.0,3.1
607,"Peters, Marcus",KCC,@HOU,DB,0.0,0.0,0.0,0.0,0.0,0.0,0.0,0.0,0.0,2.5,3.1
608,"Boykin, Brandon",PIT,@NEP,DB,0.0,0.0,0.0,0.0,0.0,0.0,0.0,0.0,0.0,1.8,3.1
609,"Clayborn, Adrian",ATL,PHI,DL,0.0,0.0,0.0,0.0,0.0,0.0,0.0,0.0,0.0,2.3,3.1
610,"Carroll, Nolan",PHI,@ATL,DB,0.0,0.0,0.0,0.0,0.0,0.0,0.0,0.0,0.0,2.4,3.1
611,"Ayers, Robert",NYG,@DAL,DL,0.0,0.0,0.0,0.0,0.0,0.0,0.0,0.0,0.0,2.1,3.0
612,"Long, Chris",STL,SEA,DL,0.0,0.0,0.0,0.0,0.0,0.0,0.0,0.0,0.0,2.3,3.0
613,"Levine, Anthony",BAL,@DEN,DB,0.0,0.0,0.0,0.0,0.0,0.0,0.0,0.0,0.0,1.9,3.0
614,"Ball, Alan",CHI,GBP,DB,0.0,0.0,0.0,0.0,0.0,0.0,0.0,0.0,0.0,2.3,3.0
615,"Shelton, Danny",CLE,@NYJ,DL,0.0,0.0,0.0,0.0,0.0,0.0,0.0,0.0,0.0,1.9,3.0
616,"Ealy, Kony",CAR,@JAC,DL,0.0,0.0,0.0,0.0,0.0,0.0,0.0,0.0,0.0,1.7,3.0
617,"Ellison, Rhett",MIN,@SFO,TE,0.0,0.0,0.0,0.0,1.4,13.5,0.0,0.0,0.0,0.0,3.0
618,"Fuller, Corey",DET,@SDC,WR,0.0,0.0,0.2,0.0,1.3,18.4,0.0,0.0,0.0,0.0,3.0
619,"Young, Darrel",WAS,MIA,RB,0.0,0.0,1.6,0.1,0.6,6.4,0.1,0.0,0.0,0.0,3.0
620,"Bryant, Desmond",CLE,@NYJ,DL,0.0,0.0,0.0,0.0,0.0,0.0,0.0,0.0,0.0,1.7,2.9
621,"Myers, Brandon",TBB,TEN,TE,0.0,0.0,0.0,0.0,1.4,14.0,0.0,0.0,0.0,0.0,2.9
622,"Butler, Darius",IND,@BUF,DB,0.0,0.0,0.0,0.0,0.0,0.0,0.0,0.0,0.0,1.9,2.9
623,"Fasano, Anthony",TEN,@TBB,TE,0.0,0.0,0.0,0.0,1.1,10.4,0.1,0.0,0.0,0.0,2.9
624,"Norman, Josh",CAR,@JAC,DB,0.0,0.0,0.0,0.0,0.0,0.0,0.0,0.0,0.0,1.8,2.9
625,"Coates, Sammie",PIT,@NEP,WR,0.0,0.0,0.0,0.0,1.2,17.8,0.0,0.0,0.0,0.0,2.9
626,"Lockette, Ricardo",SEA,@STL,WR,0.0,0.0,0.4,0.0,1.0,15.6,0.1,0.0,0.0,0.0,2.9
627,"Moore, Sio",IND,@BUF,LB,0.0,0.0,0.0,0.0,0.0,0.0,0.0,0.0,0.0,2.3,2.9
628,"Wilber, Kyle",DAL,NYG,LB,0.0,0.0,0.0,0.0,0.0,0.0,0.0,0.0,0.0,1.8,2.9
629,"Coples, Quinton",NYJ,CLE,LB,0.0,0.0,0.0,0.0,0.0,0.0,0.0,0.0,0.0,1.9,2.9
630,"Davis, Will",MIA,@WAS,DB,0.0,0.0,0.0,0.0,0.0,0.0,0.0,0.0,0.0,2.3,2.9
631,"Munnerlyn, Captain",MIN,@SFO,DB,0.0,0.0,0.0,0.0,0.0,0.0,0.0,0.0,0.0,2.2,2.9
632,"Wright, Tim",DET,@SDC,TE,0.0,0.0,-0.1,0.0,0.9,9.9,0.2,0.0,0.0,0.0,2.9
633,"Marks, SenDerrick",JAC,CAR,DL,0.0,0.0,0.0,0.0,0.0,0.0,0.0,0.0,0.0,1.7,2.9
634,"Hageman, Ra'Shede",ATL,PHI,DL,0.0,0.0,0.0,0.0,0.0,0.0,0.0,0.0,0.0,1.6,2.8
635,"White, James",NEP,PIT,RB,0.0,0.0,14.2,0.0,0.6,3.9,0.1,0.0,0.0,0.0,2.8
636,"Jackson, Malik",DEN,BAL,DL,0.0,0.0,0.0,0.0,0.0,0.0,0.0,0.0,0.0,1.9,2.8
637,"Toilolo, Levine",ATL,PHI,TE,0.0,0.0,0.0,0.0,1.3,11.5,0.1,0.0,0.0,0.0,2.8
638,"Johnson, James-Michael",TBB,TEN,LB,0.0,0.0,0.0,0.0,0.0,0.0,0.0,0.0,0.0,2.3,2.8
639,"Ngata, Haloti",DET,@SDC,DL,0.0,0.0,0.0,0.0,0.0,0.0,0.0,0.0,0.0,1.6,2.8
640,"Allen, Will",PIT,@NEP,DB,0.0,0.0,0.0,0.0,0.0,0.0,0.0,0.0,0.0,1.9,2.8
641,"Kikaha,  Hau'oli",NOR,@ARZ,LB,0.0,0.0,0.0,0.0,0.0,0.0,0.0,0.0,0.0,2.0,2.8
642,"Irvin, Bruce",SEA,@STL,LB,0.0,0.0,0.0,0.0,0.0,0.0,0.0,0.0,0.0,1.7,2.8
643,"Mincey, Jeremy",DAL,NYG,DL,0.0,0.0,0.0,0.0,0.0,0.0,0.0,0.0,0.0,1.6,2.8
644,"McCain, Brice",MIA,@WAS,DB,0.0,0.0,0.0,0.0,0.0,0.0,0.0,0.0,0.0,1.8,2.7
645,"Hardy, Justin",ATL,PHI,WR,0.0,0.0,0.7,0.0,1.0,8.0,0.2,0.0,0.0,0.0,2.7
646,"Browner, Brandon",NOR,@ARZ,DB,0.0,0.0,0.0,0.0,0.0,0.0,0.0,0.0,0.0,1.7,2.7
647,"Brown, Malcolm",NEP,PIT,DL,0.0,0.0,0.0,0.0,0.0,0.0,0.0,0.0,0.0,1.5,2.7
648,"Williams, Maxx",BAL,@DEN,TE,0.0,0.0,0.0,0.0,1.2,12.9,0.0,0.0,0.0,0.0,2.7
649,"Thornton, Cedric",PHI,@ATL,DL,0.0,0.0,0.0,0.0,0.0,0.0,0.0,0.0,0.0,2.0,2.7
650,"Cromartie, Antonio",NYJ,CLE,DB,0.0,0.0,0.0,0.0,0.0,0.0,0.0,0.0,0.0,2.1,2.7
651,"Southward, Dezmen",ATL,PHI,DB,0.0,0.0,0.0,0.0,0.0,0.0,0.0,0.0,0.0,1.5,2.7
652,"Skuta, Dan",JAC,CAR,LB,0.0,0.0,0.0,0.0,0.0,0.0,0.0,0.0,0.0,1.6,2.7
653,"Dickson, Ed",CAR,@JAC,TE,0.0,0.0,0.0,0.0,0.9,13.3,0.1,0.0,0.0,0.0,2.6
654,"Pace, Calvin",NYJ,CLE,LB,0.0,0.0,0.0,0.0,0.0,0.0,0.0,0.0,0.0,1.7,2.6
655,"Pitoitua, Ropati",TEN,@TBB,DL,0.0,0.0,0.0,0.0,0.0,0.0,0.0,0.0,0.0,1.8,2.6
656,"Jernigan, Timmy",BAL,@DEN,DL,0.0,0.0,0.0,0.0,0.0,0.0,0.0,0.0,0.0,1.5,2.6
657,"Avril, Cliff",SEA,@STL,DL,0.0,0.0,0.0,0.0,0.0,0.0,0.0,0.0,0.0,1.4,2.6
658,"Perryman, Denzel",SDC,DET,LB,0.0,0.0,0.0,0.0,0.0,0.0,0.0,0.0,0.0,2.0,2.6
659,"Davis, Ryan",JAC,CAR,DL,0.0,0.0,0.0,0.0,0.0,0.0,0.0,0.0,0.0,1.3,2.6
660,"Rambo, Bacarri",BUF,IND,DB,0.0,0.0,0.0,0.0,0.0,0.0,0.0,0.0,0.0,1.9,2.6
661,"Williams, Sylvester",DEN,BAL,DL,0.0,0.0,0.0,0.0,0.0,0.0,0.0,0.0,0.0,2.1,2.6
662,"Smith, Malcolm",OAK,CIN,LB,0.0,0.0,0.0,0.0,0.0,0.0,0.0,0.0,0.0,2.0,2.6
663,"Johnson, Charles",CAR,@JAC,DL,0.0,0.0,0.0,0.0,0.0,0.0,0.0,0.0,0.0,1.4,2.6
664,"Joseph, Linval",MIN,@SFO,DL,0.0,0.0,0.0,0.0,0.0,0.0,0.0,0.0,0.0,1.7,2.6
665,"Crick, Jared",HOU,KCC,DL,0.0,0.0,0.0,0.0,0.0,0.0,0.0,0.0,0.0,1.5,2.6
666,"Robinson, Patrick",SDC,DET,DB,0.0,0.0,0.0,0.0,0.0,0.0,0.0,0.0,0.0,1.6,2.6
667,"Sanford, Jamarca",NOR,@ARZ,DB,0.0,0.0,0.0,0.0,0.0,0.0,0.0,0.0,0.0,1.8,2.6
668,"Brown, Jaron",ARZ,NOR,WR,0.0,0.0,0.2,0.0,1.0,10.9,0.1,0.0,0.0,0.0,2.5
669,"Harrison, Damon",NYJ,CLE,DL,0.0,0.0,0.0,0.0,0.0,0.0,0.0,0.0,0.0,1.6,2.5
670,"Street, Devin",DAL,NYG,WR,0.0,0.0,0.0,0.0,0.4,21.9,0.0,0.0,0.0,0.0,2.5
671,"Conner, Kavell",SDC,DET,LB,0.0,0.0,0.0,0.0,0.0,0.0,0.0,0.0,0.0,1.9,2.5
672,"Jennings, Tim",TBB,TEN,DB,0.0,0.0,0.0,0.0,0.0,0.0,0.0,0.0,0.0,1.9,2.5
673,"Williams, Brandon",BAL,@DEN,DL,0.0,0.0,0.0,0.0,0.0,0.0,0.0,0.0,0.0,1.6,2.5
674,"Claiborne, Morris",DAL,NYG,DB,0.0,0.0,0.0,0.0,0.0,0.0,0.0,0.0,0.0,2.0,2.5
675,"Gholston, William",TBB,TEN,DL,0.0,0.0,0.0,0.0,0.0,0.0,0.0,0.0,0.0,1.7,2.5
676,"Mettenberger, Zach",TEN,@TBB,QB,61.1,0.3,2.3,0.0,0.0,0.0,0.0,0.0,0.0,0.0,2.5
677,"Fells, Darren",ARZ,NOR,TE,0.0,0.0,0.0,0.0,0.9,12.5,0.1,0.0,0.0,0.0,2.5
678,"Juszczyk, Kyle",BAL,@DEN,RB,0.0,0.0,0.0,0.0,1.4,11.6,0.0,0.0,0.0,0.0,2.5
679,"Rucker, Frostee",ARZ,NOR,DL,0.0,0.0,0.0,0.0,0.0,0.0,0.0,0.0,0.0,1.6,2.5
680,"O'Shaughnessy, James",KCC,@HOU,TE,0.0,0.0,0.0,0.0,1.1,11.5,0.0,0.0,0.0,0.0,2.5
681,"McDonald, Clinton",TBB,TEN,DL,0.0,0.0,0.0,0.0,0.0,0.0,0.0,0.0,0.0,1.6,2.5
682,"Benjamin, Travis",CLE,@NYJ,WR,0.0,0.0,0.5,0.0,0.7,13.3,0.1,0.0,0.0,0.0,2.5
683,"Peko, Domata",CIN,@OAK,DL,0.0,0.0,0.0,0.0,0.0,0.0,0.0,0.0,0.0,1.7,2.5
684,"Walden, Erik",IND,@BUF,LB,0.0,0.0,0.0,0.0,0.0,0.0,0.0,0.0,0.0,1.6,2.5
685,"Floyd, Sharrif",MIN,@SFO,DL,0.0,0.0,0.0,0.0,0.0,0.0,0.0,0.0,0.0,1.4,2.4
686,"Campanaro, Michael",BAL,@DEN,WR,0.0,0.0,0.0,0.0,1.0,11.2,0.1,0.0,0.0,0.0,2.4
687,"Thompson, Juwan",DEN,BAL,RB,0.0,0.0,13.4,0.1,0.3,1.8,0.0,0.0,0.0,0.0,2.4
688,"Howard, Jaye",KCC,@HOU,DL,0.0,0.0,0.0,0.0,0.0,0.0,0.0,0.0,0.0,1.8,2.4
689,"McCain, Chris",MIA,@WAS,LB,0.0,0.0,0.0,0.0,0.0,0.0,0.0,0.0,0.0,2.0,2.4
690,"Mitchell, Earl",MIA,@WAS,DL,0.0,0.0,0.0,0.0,0.0,0.0,0.0,0.0,0.0,1.8,2.4
691,"Robison, Brian",MIN,@SFO,DL,0.0,0.0,0.0,0.0,0.0,0.0,0.0,0.0,0.0,1.4,2.4
692,"Butler, Brice",OAK,CIN,WR,0.0,0.0,0.1,0.0,0.9,11.5,0.0,0.0,0.0,0.0,2.4
693,"Curry, Vinny",PHI,@ATL,DL,0.0,0.0,0.0,0.0,0.0,0.0,0.0,0.0,0.0,1.5,2.4
694,"Siliga, Sealver",NEP,PIT,DL,0.0,0.0,0.0,0.0,0.0,0.0,0.0,0.0,0.0,1.6,2.4
695,"Todman, Jordan",PIT,@NEP,RB,0.0,0.0,6.6,0.0,0.8,6.3,0.0,0.0,0.0,0.0,2.4
696,"Keo, Shiloh",CIN,@OAK,DB,0.0,0.0,0.0,0.0,0.0,0.0,0.0,0.0,0.0,1.5,2.4
697,"Burkhead, Rex",CIN,@OAK,RB,0.0,0.0,4.2,0.1,0.8,6.7,0.0,0.0,0.0,0.0,2.4
698,"Logan, Bennie",PHI,@ATL,DL,0.0,0.0,0.0,0.0,0.0,0.0,0.0,0.0,0.0,1.8,2.3
699,"Jones, Jason",DET,@SDC,DL,0.0,0.0,0.0,0.0,0.0,0.0,0.0,0.0,0.0,1.3,2.3
700,"Brock, Tramaine",SFO,MIN,DB,0.0,0.0,0.0,0.0,0.0,0.0,0.0,0.0,0.0,2.0,2.3
701,"Thompson, Chris",WAS,MIA,RB,0.0,0.0,4.4,0.0,0.9,4.8,0.0,0.0,0.0,0.0,2.3
702,"Whalen, Griff",IND,@BUF,WR,0.0,0.0,0.0,0.0,0.9,10.1,0.1,0.0,0.0,0.0,2.3
703,"Odrick, Jared",JAC,CAR,DL,0.0,0.0,0.0,0.0,0.0,0.0,0.0,0.0,0.0,1.4,2.3
704,"Hogan, Chris",BUF,IND,WR,0.0,0.0,0.0,0.0,1.0,8.9,0.1,0.0,0.0,0.0,2.3
705,"Brent, Josh",DAL,NYG,DL,0.0,0.0,0.0,0.0,0.0,0.0,0.0,0.0,0.0,1.5,2.3
706,"Mingo, Barkevious",CLE,@NYJ,LB,0.0,0.0,0.0,0.0,0.0,0.0,0.0,0.0,0.0,1.5,2.3
707,"Ferguson, Ego",CHI,GBP,DL,0.0,0.0,0.0,0.0,0.0,0.0,0.0,0.0,0.0,1.4,2.3
708,"Daniels, Mike",GBP,@CHI,DL,0.0,0.0,0.0,0.0,0.0,0.0,0.0,0.0,0.0,1.4,2.3
709,"Griffin, Ryan",HOU,KCC,TE,0.0,0.0,0.0,0.0,0.8,9.3,0.1,0.0,0.0,0.0,2.3
710,"Kroft, Tyler",CIN,@OAK,TE,0.0,0.0,0.0,0.0,1.2,8.8,0.0,0.0,0.0,0.0,2.2
711,"Tamme, Jacob",ATL,PHI,TE,0.0,0.0,0.0,0.0,1.1,7.9,0.1,0.0,0.0,0.0,2.2
712,"Gilberry, Wallace",CIN,@OAK,DL,0.0,0.0,0.0,0.0,0.0,0.0,0.0,0.0,0.0,1.2,2.2
713,"Brooks, Ahmad",SFO,MIN,LB,0.0,0.0,0.0,0.0,0.0,0.0,0.0,0.0,0.0,1.5,2.2
714,"Brockers, Michael",STL,SEA,DL,0.0,0.0,0.0,0.0,0.0,0.0,0.0,0.0,0.0,1.6,2.2
715,"Hill, Sammie Lee",TEN,@TBB,DL,0.0,0.0,0.0,0.0,0.0,0.0,0.0,0.0,0.0,1.4,2.2
716,"Bailey, Allen",KCC,@HOU,DL,0.0,0.0,0.0,0.0,0.0,0.0,0.0,0.0,0.0,1.5,2.1
717,"Carrier, Derek",WAS,MIA,TE,0.0,0.0,0.1,0.0,1.0,11.2,0.0,0.0,0.0,0.0,2.1
718,"Williams, Dan",OAK,CIN,DL,0.0,0.0,0.0,0.0,0.0,0.0,0.0,0.0,0.0,1.6,2.1
719,"Carradine, Cornellius",SFO,MIN,DL,0.0,0.0,0.0,0.0,0.0,0.0,0.0,0.0,0.0,1.5,2.1
720,"Starks, Randy",CLE,@NYJ,DL,0.0,0.0,0.0,0.0,0.0,0.0,0.0,0.0,0.0,1.0,2.1
721,"Tapp, Darryl",DET,@SDC,DL,0.0,0.0,0.0,0.0,0.0,0.0,0.0,0.0,0.0,1.4,2.1
722,"Cadet, Travaris",NEP,PIT,RB,0.0,0.0,0.9,0.0,1.2,8.7,0.0,0.0,0.0,0.0,2.1
723,"Pettigrew, Brandon",DET,@SDC,TE,0.0,0.0,0.0,0.0,1.0,9.6,0.0,0.0,0.0,0.0,2.1
724,"Orakpo, Brian",TEN,@TBB,LB,0.0,0.0,0.0,0.0,0.0,0.0,0.0,0.0,0.0,1.5,2.1
725,"Hicks, Akiem",NOR,@ARZ,DL,0.0,0.0,0.0,0.0,0.0,0.0,0.0,0.0,0.0,1.3,2.1
726,"Paea, Stephen",WAS,MIA,DL,0.0,0.0,0.0,0.0,0.0,0.0,0.0,0.0,0.0,1.3,2.0
727,"Hayes, William",STL,SEA,DL,0.0,0.0,0.0,0.0,0.0,0.0,0.0,0.0,0.0,1.6,2.0
728,"Ellington, Bruce",SFO,MIN,WR,0.0,0.0,0.1,0.0,0.7,8.9,0.1,0.0,0.0,0.0,2.0
729,"Dorsey, Glenn",SFO,MIN,DL,0.0,0.0,0.0,0.0,0.0,0.0,0.0,0.0,0.0,1.4,2.0
730,"Miller, Roy",JAC,CAR,DL,0.0,0.0,0.0,0.0,0.0,0.0,0.0,0.0,0.0,1.6,2.0
731,"Alualu, Tyson",JAC,CAR,DL,0.0,0.0,0.0,0.0,0.0,0.0,0.0,0.0,0.0,1.4,2.0
732,"Andrews, Antonio",TEN,@TBB,RB,0.0,0.0,12.5,0.0,0.4,2.9,0.0,0.0,0.0,0.0,2.0
733,"Archer, Dri",PIT,@NEP,RB,0.0,0.0,5.4,0.0,0.8,4.7,0.0,0.0,0.0,0.0,2.0
734,"Armstead, Arik",SFO,MIN,DL,0.0,0.0,0.0,0.0,0.0,0.0,0.0,0.0,0.0,1.6,2.0
735,"Humber, Ramon",NOR,@ARZ,LB,0.0,0.0,0.0,0.0,0.0,0.0,0.0,0.0,0.0,1.6,2.0
736,"Edwards, Mario",OAK,CIN,DL,0.0,0.0,0.0,0.0,0.0,0.0,0.0,0.0,0.0,1.4,2.0
737,"Moore, Lance",DET,@SDC,WR,0.0,0.0,0.0,0.0,0.7,9.1,0.0,0.0,0.0,0.0,2.0
738,"Harbor, Clay",JAC,CAR,TE,0.0,0.0,0.0,0.0,1.0,9.6,0.0,0.0,0.0,0.0,2.0
739,"Thompson, Shaq",CAR,@JAC,LB,0.0,0.0,0.0,0.0,0.0,0.0,0.0,0.0,0.0,1.4,2.0
740,"Grimes, Jonathan",HOU,KCC,RB,0.0,0.0,10.6,0.0,0.4,4.8,0.0,0.0,0.0,0.0,1.9
741,"Mosley, C.J.",MIA,@WAS,DL,0.0,0.0,0.0,0.0,0.0,0.0,0.0,0.0,0.0,1.4,1.9
742,"Short, Kawann",CAR,@JAC,DL,0.0,0.0,0.0,0.0,0.0,0.0,0.0,0.0,0.0,0.9,1.9
743,"Grice, Marion",ARZ,NOR,RB,0.0,0.0,2.2,0.2,0.4,0.9,0.0,0.0,0.0,0.0,1.9
744,"Baker, Chris",WAS,MIA,DL,0.0,0.0,0.0,0.0,0.0,0.0,0.0,0.0,0.0,1.4,1.9
745,"Jenkins, John",NOR,@ARZ,DL,0.0,0.0,0.0,0.0,0.0,0.0,0.0,0.0,0.0,1.4,1.9
746,"Wilfork, Vince",HOU,KCC,DL,0.0,0.0,0.0,0.0,0.0,0.0,0.0,0.0,0.0,1.2,1.9
747,"Ta'amu, Alameda",ARZ,NOR,DL,0.0,0.0,0.0,0.0,0.0,0.0,0.0,0.0,0.0,1.5,1.9
748,"Hasselbeck, Matt",IND,@BUF,QB,40.7,0.2,-1.6,0.0,0.0,0.0,0.0,0.0,0.0,0.0,1.9
749,"Crawford, Tyrone",DAL,NYG,DL,0.0,0.0,0.0,0.0,0.0,0.0,0.0,0.0,0.0,1.4,1.9
750,"Robinson, Trent",WAS,MIA,DB,0.0,0.0,0.0,0.0,0.0,0.0,0.0,0.0,0.0,1.5,1.9
751,"Hoomanawanui, Michael",NEP,PIT,TE,0.0,0.0,0.0,0.0,0.7,8.1,0.0,0.0,0.0,0.0,1.8
752,"Winn, Billy",CLE,@NYJ,DL,0.0,0.0,0.0,0.0,0.0,0.0,0.0,0.0,0.0,1.1,1.8
753,"Knighton, Terrance",WAS,MIA,DL,0.0,0.0,0.0,0.0,0.0,0.0,0.0,0.0,0.0,1.3,1.8
754,"Brooks, Terrance",BAL,@DEN,DB,0.0,0.0,0.0,0.0,0.0,0.0,0.0,0.0,0.0,1.3,1.8
755,"Jenkins, Cullen",NYG,@DAL,DL,0.0,0.0,0.0,0.0,0.0,0.0,0.0,0.0,0.0,1.1,1.8
756,"Lawson, Nevin",DET,@SDC,DB,0.0,0.0,0.0,0.0,0.0,0.0,0.0,0.0,0.0,1.5,1.8
757,"Sheard, Jabaal",NEP,PIT,DL,0.0,0.0,0.0,0.0,0.0,0.0,0.0,0.0,0.0,1.2,1.8
758,"Glennon, Mike",TBB,TEN,QB,25.2,0.2,0.7,0.0,0.0,0.0,0.0,0.0,0.0,0.0,1.8
759,"Reyes, Kendall",SDC,DET,DL,0.0,0.0,0.0,0.0,0.0,0.0,0.0,0.0,0.0,1.1,1.8
760,"Ward, Jimmie",SFO,MIN,DB,0.0,0.0,0.0,0.0,0.0,0.0,0.0,0.0,0.0,1.4,1.8
761,"Jackson, Tyson",ATL,PHI,DL,0.0,0.0,0.0,0.0,0.0,0.0,0.0,0.0,0.0,1.0,1.8
762,"Goodwin, Marquise",BUF,IND,WR,0.0,0.0,0.2,0.0,0.4,8.3,0.1,0.0,0.0,0.0,1.7
763,"Mulumba, Andy",GBP,@CHI,LB,0.0,0.0,0.0,0.0,0.0,0.0,0.0,0.0,0.0,1.1,1.7
764,"Lissemore, Sean",SDC,DET,DL,0.0,0.0,0.0,0.0,0.0,0.0,0.0,0.0,0.0,1.2,1.7
765,"Horton, Wes",CAR,@JAC,DL,0.0,0.0,0.0,0.0,0.0,0.0,0.0,0.0,0.0,0.8,1.7
766,"Langford, Kendall",IND,@BUF,DL,0.0,0.0,0.0,0.0,0.0,0.0,0.0,0.0,0.0,1.3,1.7
767,"Mathews, Ricardo",SDC,DET,DL,0.0,0.0,0.0,0.0,0.0,0.0,0.0,0.0,0.0,1.2,1.7
768,"Tate, Brandon",CIN,@OAK,WR,0.0,0.0,0.7,0.0,0.7,8.7,0.0,0.0,0.0,0.0,1.7
769,"Kerr, Zach",IND,@BUF,DL,0.0,0.0,0.0,0.0,0.0,0.0,0.0,0.0,0.0,0.9,1.7
770,"Coyle, Brock",SEA,@STL,LB,0.0,0.0,0.0,0.0,0.0,0.0,0.0,0.0,0.0,1.2,1.7
771,"Klug, Karl",TEN,@TBB,DL,0.0,0.0,0.0,0.0,0.0,0.0,0.0,0.0,0.0,1.2,1.7
772,"Irving, Nate",IND,@BUF,LB,0.0,0.0,0.0,0.0,0.0,0.0,0.0,0.0,0.0,1.2,1.7
773,"Moats, Arthur",PIT,@NEP,LB,0.0,0.0,0.0,0.0,0.0,0.0,0.0,0.0,0.0,1.1,1.7
774,"Vick, Michael",PIT,@NEP,QB,26.7,0.1,8.3,0.0,0.0,0.0,0.0,0.0,0.0,0.0,1.7
775,"Johnson, David",ARZ,NOR,RB,0.0,0.0,7.2,0.0,0.5,4.0,0.0,0.0,0.0,0.0,1.7
776,"Givens, Chris",STL,SEA,WR,0.0,0.0,-0.1,0.0,0.6,8.6,0.0,0.0,0.0,0.0,1.6
777,"Miller, Gabe",WAS,MIA,LB,0.0,0.0,0.0,0.0,0.0,0.0,0.0,0.0,0.0,1.1,1.6
778,"Ginn Jr., Ted",CAR,@JAC,WR,0.0,0.0,0.7,0.0,0.7,8.0,0.0,0.0,0.0,0.0,1.6
779,"Cole, Audie",MIN,@SFO,LB,0.0,0.0,0.0,0.0,0.0,0.0,0.0,0.0,0.0,1.2,1.6
780,"Davis, Mike",SFO,MIN,RB,0.0,0.0,9.1,0.0,0.4,3.7,0.0,0.0,0.0,0.0,1.6
781,"Tuggle, Justin",HOU,KCC,LB,0.0,0.0,0.0,0.0,0.0,0.0,0.0,0.0,0.0,1.2,1.6
782,"Klein, A.J.",CAR,@JAC,LB,0.0,0.0,0.0,0.0,0.0,0.0,0.0,0.0,0.0,1.2,1.6
783,"Ware, Demarcus",DEN,BAL,LB,0.0,0.0,0.0,0.0,0.0,0.0,0.0,0.0,0.0,1.0,1.6
784,"Babineaux, Jonathan",ATL,PHI,DL,0.0,0.0,0.0,0.0,0.0,0.0,0.0,0.0,0.0,0.9,1.6
785,"Rubin, Ahtyba",SEA,@STL,DL,0.0,0.0,0.0,0.0,0.0,0.0,0.0,0.0,0.0,1.0,1.6
786,"Dunn, Brandon",CHI,GBP,DL,0.0,0.0,0.0,0.0,0.0,0.0,0.0,0.0,0.0,1.0,1.6
787,"Tuitt, Stephon",PIT,@NEP,DL,0.0,0.0,0.0,0.0,0.0,0.0,0.0,0.0,0.0,1.1,1.6
788,"Hill, Shaun",MIN,@SFO,QB,30.4,0.1,0.4,0.0,0.0,0.0,0.0,0.0,0.0,0.0,1.6
789,"Weems, Eric",ATL,PHI,WR,0.0,0.0,0.0,0.0,0.4,3.1,0.1,0.0,0.0,0.0,1.6
790,"Walker, Tyrunn",DET,@SDC,DL,0.0,0.0,0.0,0.0,0.0,0.0,0.0,0.0,0.0,1.0,1.5
791,"Martin, Kareem",ARZ,NOR,LB,0.0,0.0,0.0,0.0,0.0,0.0,0.0,0.0,0.0,1.2,1.5
792,"McKinney, Benardrick",HOU,KCC,LB,0.0,0.0,0.0,0.0,0.0,0.0,0.0,0.0,0.0,1.1,1.5
793,"Jean-Francois, Ricky ",WAS,MIA,DL,0.0,0.0,0.0,0.0,0.0,0.0,0.0,0.0,0.0,1.0,1.5
794,"Compton, Will",WAS,MIA,LB,0.0,0.0,0.0,0.0,0.0,0.0,0.0,0.0,0.0,1.2,1.5
795,"Clark, Frank",SEA,@STL,DL,0.0,0.0,0.0,0.0,0.0,0.0,0.0,0.0,0.0,0.9,1.5
796,"Pierce, Bernard",JAC,CAR,RB,0.0,0.0,9.8,0.1,0.1,0.2,0.0,0.0,0.0,0.0,1.5
797,"Canty, Chris",BAL,@DEN,DL,0.0,0.0,0.0,0.0,0.0,0.0,0.0,0.0,0.0,0.9,1.5
798,"Dial, Quinton",SFO,MIN,DL,0.0,0.0,0.0,0.0,0.0,0.0,0.0,0.0,0.0,1.1,1.5
799,"Bowman, Zackary",MIA,@WAS,DB,0.0,0.0,0.0,0.0,0.0,0.0,0.0,0.0,0.0,1.1,1.5
800,"Doyle, Jack",IND,@BUF,TE,0.0,0.0,0.0,0.0,0.9,5.1,0.0,0.0,0.0,0.0,1.5
801,"Wilson, Kyle",NOR,@ARZ,DB,0.0,0.0,0.0,0.0,0.0,0.0,0.0,0.0,0.0,1.1,1.5
802,"Addison, Mario",CAR,@JAC,DL,0.0,0.0,0.0,0.0,0.0,0.0,0.0,0.0,0.0,0.7,1.5
803,"Matthews, Chris",SEA,@STL,WR,0.0,0.0,-0.0,0.0,0.6,7.9,0.0,0.0,0.0,0.0,1.5
804,"Weeden, Brandon",DAL,NYG,QB,12.9,0.3,-0.6,0.0,0.0,0.0,0.0,0.0,0.0,0.0,1.4
805,"Mebane, Brandon",SEA,@STL,DL,0.0,0.0,0.0,0.0,0.0,0.0,0.0,0.0,0.0,0.9,1.4
806,"Pruitt, MyCole",MIN,@SFO,TE,0.0,0.0,0.0,0.0,0.8,6.7,0.0,0.0,0.0,0.0,1.4
807,"Helfet, Cooper",SEA,@STL,TE,0.0,0.0,0.0,0.0,0.5,4.8,0.1,0.0,0.0,0.0,1.4
808,"McPhee, Pernell",CHI,GBP,LB,0.0,0.0,0.0,0.0,0.0,0.0,0.0,0.0,0.0,0.8,1.4
809,"Bryant, Armonty",CLE,@NYJ,LB,0.0,0.0,0.0,0.0,0.0,0.0,0.0,0.0,0.0,0.8,1.4
810,"Carey, Ka'Deem",CHI,GBP,RB,0.0,0.0,10.2,0.0,0.2,1.8,0.0,0.0,0.0,0.0,1.4
811,"Owusu, Chris",NYJ,CLE,WR,0.0,0.0,0.2,0.0,0.6,5.1,0.0,0.0,0.0,0.0,1.4
812,"Snead, Willie",NOR,@ARZ,WR,0.0,0.0,-0.0,0.0,0.6,8.0,0.0,0.0,0.0,0.0,1.4
813,"Ellerbe, Dannell",NOR,@ARZ,LB,0.0,0.0,0.0,0.0,0.0,0.0,0.0,0.0,0.0,1.0,1.4
814,"Norwood, Kevin",CAR,@JAC,WR,0.0,0.0,0.0,0.0,0.6,7.4,0.0,0.0,0.0,0.0,1.4
815,"McLendon, Steve",PIT,@NEP,DL,0.0,0.0,0.0,0.0,0.0,0.0,0.0,0.0,0.0,0.9,1.4
816,"Escobar, Gavin",DAL,NYG,TE,0.0,0.0,0.0,0.0,0.3,3.6,0.1,0.0,0.0,0.0,1.4
817,"McDaniel, Tony",TBB,TEN,DL,0.0,0.0,0.0,0.0,0.0,0.0,0.0,0.0,0.0,0.6,1.3
818,"Mulligan, Matthew",BUF,IND,TE,0.0,0.0,0.0,0.0,0.7,6.3,0.0,0.0,0.0,0.0,1.3
819,"Selvie, George",NYG,@DAL,DL,0.0,0.0,0.0,0.0,0.0,0.0,0.0,0.0,0.0,0.9,1.3
820,"Smith, Antonio",DEN,BAL,DL,0.0,0.0,0.0,0.0,0.0,0.0,0.0,0.0,0.0,0.9,1.3
821,"Taylor, Jamar",MIA,@WAS,DB,0.0,0.0,0.0,0.0,0.0,0.0,0.0,0.0,0.0,1.2,1.3
822,"Jenkins, Jarvis",CHI,GBP,DL,0.0,0.0,0.0,0.0,0.0,0.0,0.0,0.0,0.0,0.9,1.3
823,"Soliai, Paul",ATL,PHI,DL,0.0,0.0,0.0,0.0,0.0,0.0,0.0,0.0,0.0,0.9,1.3
824,"Douzable, Leger",NYJ,CLE,DL,0.0,0.0,0.0,0.0,0.0,0.0,0.0,0.0,0.0,0.6,1.3
825,"Woods, Al",TEN,@TBB,DL,0.0,0.0,0.0,0.0,0.0,0.0,0.0,0.0,0.0,0.8,1.3
826,"Smith, Marcus",PHI,@ATL,LB,0.0,0.0,0.0,0.0,0.0,0.0,0.0,0.0,0.0,0.9,1.3
827,"Hanna, James",DAL,NYG,TE,0.0,0.0,0.0,0.0,0.6,6.5,0.0,0.0,0.0,0.0,1.3
828,"Gabbert, Blaine",SFO,MIN,QB,11.3,0.2,0.5,0.0,0.0,0.0,0.0,0.0,0.0,0.0,1.3
829,"Brown, Arthur",BAL,@DEN,LB,0.0,0.0,0.0,0.0,0.0,0.0,0.0,0.0,0.0,0.7,1.3
830,"Johnson, Steven",TEN,@TBB,LB,0.0,0.0,0.0,0.0,0.0,0.0,0.0,0.0,0.0,0.9,1.2
831,"Murphy, Trent",WAS,MIA,LB,0.0,0.0,0.0,0.0,0.0,0.0,0.0,0.0,0.0,0.8,1.2
832,"Boyd, Josh",GBP,@CHI,DL,0.0,0.0,0.0,0.0,0.0,0.0,0.0,0.0,0.0,0.8,1.2
833,"Murphy, Marcus",NOR,@ARZ,RB,0.0,0.0,3.9,0.0,0.6,2.7,0.0,0.0,0.0,0.0,1.2
834,"Garoppolo, Jimmy",NEP,PIT,QB,20.7,0.1,1.2,0.0,0.0,0.0,0.0,0.0,0.0,0.0,1.2
835,"Caldwell, Andre",DEN,BAL,WR,0.0,0.0,0.2,0.0,0.5,5.5,0.0,0.0,0.0,0.0,1.2
836,"Clemens, Kellen",SDC,DET,QB,22.2,0.1,0.6,0.0,0.0,0.0,0.0,0.0,0.0,0.0,1.2
837,"Carrington, Alex",BUF,IND,DL,0.0,0.0,0.0,0.0,0.0,0.0,0.0,0.0,0.0,0.8,1.2
838,"James, LaMichael",MIA,@WAS,RB,0.0,0.0,4.6,0.0,0.5,2.6,0.0,0.0,0.0,0.0,1.2
839,"Joseph, William",OAK,CIN,DL,0.0,0.0,0.0,0.0,0.0,0.0,0.0,0.0,0.0,0.9,1.2
840,"Attaochu, Jeremiah",SDC,DET,LB,0.0,0.0,0.0,0.0,0.0,0.0,0.0,0.0,0.0,0.8,1.1
841,"Gragg, Chris",BUF,IND,TE,0.0,0.0,0.0,0.0,0.5,5.7,0.0,0.0,0.0,0.0,1.1
842,"Tolzien, Scott",GBP,@CHI,QB,16.9,0.0,2.0,0.1,0.0,0.0,0.0,0.0,0.0,0.0,1.1
843,"Thomas, Cam",PIT,@NEP,DL,0.0,0.0,0.0,0.0,0.0,0.0,0.0,0.0,0.0,0.8,1.1
844,"West, Charcandrick",KCC,@HOU,RB,0.0,0.0,4.4,0.0,0.4,3.3,0.0,0.0,0.0,0.0,1.1
845,"Diggs, Stefon",MIN,@SFO,WR,0.0,0.0,0.0,0.0,0.2,9.4,0.0,0.0,0.0,0.0,1.1
846,"Ellis, Justin",OAK,CIN,DL,0.0,0.0,0.0,0.0,0.0,0.0,0.0,0.0,0.0,0.9,1.1
847,"Stinson, Ed",ARZ,NOR,DL,0.0,0.0,0.0,0.0,0.0,0.0,0.0,0.0,0.0,0.8,1.1
848,"Langford, Jeremy",CHI,GBP,RB,0.0,0.0,10.3,0.0,0.1,0.3,0.0,0.0,0.0,0.0,1.1
849,"Fairley, Nick",STL,SEA,DL,0.0,0.0,0.0,0.0,0.0,0.0,0.0,0.0,0.0,0.7,1.1
850,"Manziel, Johnny",CLE,@NYJ,QB,12.5,0.0,1.7,0.1,0.0,0.0,0.0,0.0,0.0,0.0,1.1
851,"Williams, Ian",SFO,MIN,DL,0.0,0.0,0.0,0.0,0.0,0.0,0.0,0.0,0.0,0.8,1.1
852,"Bynes, Josh",DET,@SDC,LB,0.0,0.0,0.0,0.0,0.0,0.0,0.0,0.0,0.0,0.9,1.1
853,"Redding, Cory",ARZ,NOR,DL,0.0,0.0,0.0,0.0,0.0,0.0,0.0,0.0,0.0,0.7,1.1
854,"Jones, Jacoby",SDC,DET,WR,0.0,0.0,1.1,0.0,0.4,6.1,0.0,0.0,0.0,0.0,1.1
855,"McGloin, Matt",OAK,CIN,QB,30.6,0.1,0.4,0.0,0.0,0.0,0.0,0.0,0.0,0.0,1.1
856,"Davis, Kellen",NYJ,CLE,TE,0.0,0.0,0.0,0.0,0.5,5.6,0.0,0.0,0.0,0.0,1.1
857,"Melton, Henry",TBB,TEN,DL,0.0,0.0,0.0,0.0,0.0,0.0,0.0,0.0,0.0,0.5,1.0
858,"Spaeth, Matt",PIT,@NEP,TE,0.0,0.0,0.0,0.0,0.3,3.3,0.1,0.0,0.0,0.0,1.0
859,"Harkey, Cory",STL,SEA,TE,0.0,0.0,0.0,0.0,0.4,3.2,0.0,0.0,0.0,0.0,1.0
860,"Kuhn, John",GBP,@CHI,RB,0.0,0.0,5.7,0.0,0.3,1.7,0.0,0.0,0.0,0.0,1.0
861,"Gray, MarQueis",BUF,IND,TE,0.0,0.0,0.1,0.0,0.5,5.1,0.0,0.0,0.0,0.0,1.0
862,"Woodley, LaMarr",ARZ,NOR,LB,0.0,0.0,0.0,0.0,0.0,0.0,0.0,0.0,0.0,0.8,1.0
863,"Rawls, Thomas",SEA,@STL,RB,0.0,0.0,6.6,0.0,0.2,1.5,0.0,0.0,0.0,0.0,1.0
864,"Ellison, Keith",BUF,IND,LB,0.0,0.0,0.0,0.0,0.0,0.0,0.0,0.0,0.0,0.7,1.0
865,"Taylor, Devin",DET,@SDC,DL,0.0,0.0,0.0,0.0,0.0,0.0,0.0,0.0,0.0,0.7,1.0
866,"Clowney, Jadeveon",HOU,KCC,LB,0.0,0.0,0.0,0.0,0.0,0.0,0.0,0.0,0.0,0.8,1.0
867,"Little, Greg",CIN,@OAK,WR,0.0,0.0,0.3,0.0,0.5,4.6,0.0,0.0,0.0,0.0,0.9
868,"Whitehurst, Charlie",TEN,@TBB,QB,13.6,0.1,0.9,0.0,0.0,0.0,0.0,0.0,0.0,0.0,0.9
869,"Inman, Dontrelle",SDC,DET,WR,0.0,0.0,0.0,0.0,0.4,5.3,0.0,0.0,0.0,0.0,0.9
870,"Fiedorowicz, C.J.",HOU,KCC,TE,0.0,0.0,0.0,0.0,0.3,2.3,0.1,0.0,0.0,0.0,0.9
871,"Jones, Taiwan",OAK,CIN,RB,0.0,0.0,0.8,0.0,0.4,5.5,0.0,0.0,0.0,0.0,0.9
872,"Osweiler, Brock",DEN,BAL,QB,12.0,0.1,-0.2,0.0,0.0,0.0,0.0,0.0,0.0,0.0,0.9
873,"Walker, Vance",DEN,BAL,DL,0.0,0.0,0.0,0.0,0.0,0.0,0.0,0.0,0.0,0.7,0.9
874,"Guy, Lawrence",BAL,@DEN,DL,0.0,0.0,0.0,0.0,0.0,0.0,0.0,0.0,0.0,0.3,0.9
875,"Houston, Lamarr",CHI,GBP,LB,0.0,0.0,0.0,0.0,0.0,0.0,0.0,0.0,0.0,0.7,0.9
876,"Acho, Sam",CHI,GBP,LB,0.0,0.0,0.0,0.0,0.0,0.0,0.0,0.0,0.0,0.6,0.9
877,"Miller, Zach",CHI,GBP,TE,0.0,0.0,0.0,0.0,0.5,3.5,0.0,0.0,0.0,0.0,0.9
878,"Greene, Rashad",JAC,CAR,WR,0.0,0.0,0.0,0.0,0.5,4.1,0.0,0.0,0.0,0.0,0.8
879,"Housler, Robert",CLE,@NYJ,TE,0.0,0.0,0.1,0.0,0.4,4.7,0.0,0.0,0.0,0.0,0.8
880,"Peerman, Cedric",CIN,@OAK,RB,0.0,0.0,1.2,0.0,0.4,3.4,0.0,0.0,0.0,0.0,0.8
881,"Mayowa, Benson",OAK,CIN,DL,0.0,0.0,0.0,0.0,0.0,0.0,0.0,0.0,0.0,0.6,0.8
882,"Thielen, Adam",MIN,@SFO,WR,0.0,0.0,0.0,0.0,0.3,4.4,0.0,0.0,0.0,0.0,0.8
883,"Young, Willie",CHI,GBP,LB,0.0,0.0,0.0,0.0,0.0,0.0,0.0,0.0,0.0,0.4,0.8
884,"Jones, T.J.",DET,@SDC,WR,0.0,0.0,-0.1,0.0,0.4,4.4,0.0,0.0,0.0,0.0,0.8
885,"Celek, Garrett",SFO,MIN,TE,0.0,0.0,0.0,0.0,0.3,5.1,0.0,0.0,0.0,0.0,0.8
886,"Ballard, Vick",IND,@BUF,RB,0.0,0.0,4.0,0.0,0.3,1.8,0.0,0.0,0.0,0.0,0.8
887,"Cunningham, Justice",STL,SEA,TE,0.0,0.0,0.0,0.0,0.4,2.6,0.0,0.0,0.0,0.0,0.8
888,"Moore, Dre",TBB,TEN,DL,0.0,0.0,0.0,0.0,0.0,0.0,0.0,0.0,0.0,0.4,0.8
889,"Ayers, Akeem",STL,SEA,LB,0.0,0.0,0.0,0.0,0.0,0.0,0.0,0.0,0.0,0.5,0.8
890,"Skov, Shane",SFO,MIN,LB,0.0,0.0,0.0,0.0,0.0,0.0,0.0,0.0,0.0,0.5,0.7
891,"Reynolds, Chase",STL,SEA,RB,0.0,0.0,2.2,0.0,0.3,1.9,0.0,0.0,0.0,0.0,0.7
892,"Keenum, Case",STL,SEA,QB,21.6,0.1,0.7,0.0,0.0,0.0,0.0,0.0,0.0,0.0,0.7
893,"Marsh, Cassius",SEA,@STL,DL,0.0,0.0,0.0,0.0,0.0,0.0,0.0,0.0,0.0,0.3,0.7
894,"Strong, Jaelen",HOU,KCC,WR,0.0,0.0,0.0,0.0,0.4,3.1,0.0,0.0,0.0,0.0,0.7
895,"Wilson, Ramik",KCC,@HOU,LB,0.0,0.0,0.0,0.0,0.0,0.0,0.0,0.0,0.0,0.5,0.7
896,"George, Jeremiah",TBB,TEN,LB,0.0,0.0,0.0,0.0,0.0,0.0,0.0,0.0,0.0,0.6,0.7
897,"James, Mike",TBB,TEN,RB,0.0,0.0,6.7,0.0,0.0,0.0,0.0,0.0,0.0,0.0,0.7
898,"Shepard, Russell",TBB,TEN,WR,0.0,0.0,-0.1,0.0,0.2,3.4,0.0,0.0,0.0,0.0,0.6
899,"Reynolds, LaRoy",JAC,CAR,LB,0.0,0.0,0.0,0.0,0.0,0.0,0.0,0.0,0.0,0.5,0.6
900,"Mallett, Ryan",HOU,KCC,QB,19.3,0.1,-0.4,0.0,0.0,0.0,0.0,0.0,0.0,0.0,0.6
901,"Niklas, Troy",ARZ,NOR,TE,0.0,0.0,0.0,0.0,0.3,3.4,0.0,0.0,0.0,0.0,0.6
902,"Stocker, Luke",TBB,TEN,TE,0.0,0.0,0.0,0.0,0.4,2.3,0.0,0.0,0.0,0.0,0.6
903,"Harper, Chris",NEP,PIT,WR,0.0,0.0,0.0,0.0,0.3,2.8,0.0,0.0,0.0,0.0,0.6
904,"McDonald, Vance",SFO,MIN,TE,0.0,0.0,0.0,0.0,0.3,3.4,0.0,0.0,0.0,0.0,0.6
905,"Golston, Kedric",WAS,MIA,DL,0.0,0.0,0.0,0.0,0.0,0.0,0.0,0.0,0.0,0.5,0.6
906,"Smith, Lee",OAK,CIN,TE,0.0,0.0,0.0,0.0,0.3,2.5,0.0,0.0,0.0,0.0,0.6
907,"Grant, Ryan",WAS,MIA,WR,0.0,0.0,0.1,0.0,0.3,2.3,0.0,0.0,0.0,0.0,0.6
908,"Richardson, Bobby",NOR,@ARZ,DL,0.0,0.0,0.0,0.0,0.0,0.0,0.0,0.0,0.0,0.4,0.6
909,"Bowen, Stephen",NYJ,CLE,DL,0.0,0.0,0.0,0.0,0.0,0.0,0.0,0.0,0.0,0.4,0.6
910,"Casey, James",DEN,BAL,TE,0.0,0.0,0.0,0.0,0.1,1.5,0.1,0.0,0.0,0.0,0.6
911,"Mauti, Michael",NOR,@ARZ,LB,0.0,0.0,0.0,0.0,0.0,0.0,0.0,0.0,0.0,0.4,0.6
912,"Anderson, Derek",CAR,@JAC,QB,5.2,0.1,0.0,0.0,0.0,0.0,0.0,0.0,0.0,0.0,0.6
913,"Jacobs, Nic",JAC,CAR,TE,0.0,0.0,0.0,0.0,0.1,1.0,0.1,0.0,0.0,0.0,0.6
914,"Michael, Christine",DAL,NYG,RB,0.0,0.0,4.3,0.0,0.1,0.5,0.0,0.0,0.0,0.0,0.6
915,"Crabtree, Tom",NOR,@ARZ,TE,0.0,0.0,0.0,0.0,0.3,2.2,0.0,0.0,0.0,0.0,0.5
916,"Ford, Dee",KCC,@HOU,LB,0.0,0.0,0.0,0.0,0.0,0.0,0.0,0.0,0.0,0.3,0.5
917,"Martin, Keshawn",HOU,KCC,WR,0.0,0.0,0.0,0.0,0.3,2.5,0.0,0.0,0.0,0.0,0.5
918,"Golden, Brittan",ARZ,NOR,WR,0.0,0.0,0.0,0.0,0.2,3.3,0.0,0.0,0.0,0.0,0.5
919,"McCoy, Colt",WAS,MIA,QB,8.5,0.0,0.4,0.0,0.0,0.0,0.0,0.0,0.0,0.0,0.5
920,"Conley, Chris",KCC,@HOU,WR,0.0,0.0,-0.1,0.0,0.3,2.4,0.0,0.0,0.0,0.0,0.5
921,"Manuel, E.J.",BUF,IND,QB,6.3,0.0,0.7,0.0,0.0,0.0,0.0,0.0,0.0,0.0,0.5
922,"Harris, Dwayne",NYG,@DAL,WR,0.0,0.0,-0.1,0.0,0.3,2.5,0.0,0.0,0.0,0.0,0.5
923,"Powe, Jerrell",WAS,MIA,DL,0.0,0.0,0.0,0.0,0.0,0.0,0.0,0.0,0.0,0.2,0.5
924,"Montgomery, Ty",GBP,@CHI,WR,0.0,0.0,0.0,0.0,0.3,1.8,0.0,0.0,0.0,0.0,0.4
925,"Pryor, Terrelle",CLE,@NYJ,WR,0.0,0.0,5.1,0.0,0.0,0.0,0.0,0.0,0.0,0.0,0.4
926,"Heyward-Bey, Darrius",PIT,@NEP,WR,0.0,0.0,0.0,0.0,0.3,2.1,0.0,0.0,0.0,0.0,0.4
927,"Coleman, Derrick",SEA,@STL,RB,0.0,0.0,0.0,0.0,0.1,0.9,0.0,0.0,0.0,0.0,0.3
928,"Darkwa, Orleans",NYG,@DAL,RB,0.0,0.0,0.4,0.0,0.1,1.1,0.0,0.0,0.0,0.0,0.3
929,"Nelson, J.J.",ARZ,NOR,WR,0.0,0.0,-0.0,0.0,0.2,1.6,0.0,0.0,0.0,0.0,0.3
930,"Gaskins, Kendall",SFO,MIN,RB,0.0,0.0,2.8,0.0,0.0,0.1,0.0,0.0,0.0,0.0,0.3
931,"Dawson, Paul",CIN,@OAK,LB,0.0,0.0,0.0,0.0,0.0,0.0,0.0,0.0,0.0,0.1,0.3
932,"Ajirotutu, Seyi",PHI,@ATL,WR,0.0,0.0,0.0,0.0,0.2,1.5,0.0,0.0,0.0,0.0,0.3
933,"Hammond, Frankie",KCC,@HOU,WR,0.0,0.0,0.0,0.0,0.2,1.4,0.0,0.0,0.0,0.0,0.3
934,"Washington, Corey",NYG,@DAL,WR,0.0,0.0,0.0,0.0,0.1,1.0,0.0,0.0,0.0,0.0,0.3
935,"Harris, Demetrius",KCC,@HOU,TE,0.0,0.0,0.0,0.0,0.2,1.1,0.0,0.0,0.0,0.0,0.3
936,"Cassel, Matt",BUF,IND,QB,7.4,0.0,0.5,0.0,0.0,0.0,0.0,0.0,0.0,0.0,0.3
937,"Clausen, Jimmy",CHI,GBP,QB,6.9,0.0,-0.1,0.0,0.0,0.0,0.0,0.0,0.0,0.0,0.3
938,"Raji, B.J.",GBP,@CHI,DL,0.0,0.0,0.0,0.0,0.0,0.0,0.0,0.0,0.0,0.1,0.2
939,"Johnson, Randell",BUF,IND,LB,0.0,0.0,0.0,0.0,0.0,0.0,0.0,0.0,0.0,0.2,0.2
940,"Heeney, Ben",OAK,CIN,LB,0.0,0.0,0.0,0.0,0.0,0.0,0.0,0.0,0.0,0.2,0.2
941,"Crowder, Jamison",WAS,MIA,WR,0.0,0.0,0.0,0.0,0.1,0.9,0.0,0.0,0.0,0.0,0.2
942,"Davis, Austin",CLE,@NYJ,QB,4.1,0.0,0.0,0.0,0.0,0.0,0.0,0.0,0.0,0.0,0.2
943,"Zenner, Zach",DET,@SDC,RB,0.0,0.0,0.6,0.0,0.1,0.5,0.0,0.0,0.0,0.0,0.2
944,"Williams, Brandon",CAR,@JAC,TE,0.0,0.0,0.0,0.0,0.1,1.0,0.0,0.0,0.0,0.0,0.2
945,"Paysinger, Spencer",MIA,@WAS,LB,0.0,0.0,0.0,0.0,0.0,0.0,0.0,0.0,0.0,0.1,0.2
946,"Spencer, Evan",WAS,MIA,WR,0.0,0.0,0.0,0.0,0.1,0.6,0.0,0.0,0.0,0.0,0.1
947,"Jacobs, Ben",CAR,@JAC,LB,0.0,0.0,0.0,0.0,0.0,0.0,0.0,0.0,0.0,0.1,0.1
948,"Jones, Dominique",DEN,BAL,TE,0.0,0.0,0.0,0.0,0.1,0.6,0.0,0.0,0.0,0.0,0.1
949,"Mariani, Marc",CHI,GBP,WR,0.0,0.0,0.0,0.0,0.1,0.5,0.0,0.0,0.0,0.0,0.1
950,"Thigpen, Marcus",BUF,IND,WR,0.0,0.0,0.0,0.0,0.0,0.4,0.0,0.0,0.0,0.0,0.1
951,"Alexander, Lorenzo",OAK,CIN,LB,0.0,0.0,0.0,0.0,0.0,0.0,0.0,0.0,0.0,0.1,0.1
952,"Tuel, Jeff",BUF,IND,QB,3.3,0.0,0.0,0.0,0.0,0.0,0.0,0.0,0.0,0.0,0.1
953,"Nassib, Ryan",NYG,@DAL,QB,7.3,0.0,-0.6,0.0,0.0,0.0,0.0,0.0,0.0,0.0,0.1
954,"Grant, Corey",JAC,CAR,RB,0.0,0.0,0.0,0.0,0.0,0.3,0.0,0.0,0.0,0.0,0.1
955,"Moore, Marlon",CLE,@NYJ,WR,0.0,0.0,0.0,0.0,0.0,0.2,0.0,0.0,0.0,0.0,0.1
956,"Stevens, Craig",TEN,@TBB,TE,0.0,0.0,0.0,0.0,0.0,0.3,0.0,0.0,0.0,0.0,0.0
957,"McCarron, AJ",CIN,@OAK,QB,0.0,0.0,0.4,0.0,0.0,0.0,0.0,0.0,0.0,0.0,0.0
958,"Dawson, Skye",DET,@SDC,WR,0.0,0.0,0.4,0.0,0.0,0.0,0.0,0.0,0.0,0.0,0.0
959,"Supernaw, Phillip",TEN,@TBB,TE,0.0,0.0,0.0,0.0,0.0,0.2,0.0,0.0,0.0,0.0,0.0
960,"Moore, Matt",MIA,@WAS,QB,8.5,0.0,-0.3,0.0,0.0,0.0,0.0,0.0,0.0,0.0,0.0
961,"Janis, Jeff",GBP,@CHI,WR,0.0,0.0,0.0,0.0,0.1,0.4,0.0,0.0,0.0,0.0,0.0
962,"Jackson, Tarvaris",SEA,@STL,QB,0.4,0.0,-0.1,0.0,0.0,0.0,0.0,0.0,0.0,0.0,0.0
963,"Daniels, B.J.",SEA,@STL,WR,0.0,0.0,-0.0,0.0,0.0,0.0,0.0,0.0,0.0,0.0,-0.0
964,"Cobb, Terrance",OAK,CIN,RB,0.0,0.0,-0.1,0.0,0.0,0.0,0.0,0.0,0.0,0.0,-0.0
965,"Orlovsky, Dan",DET,@SDC,QB,0.0,0.0,-0.1,0.0,0.0,0.0,0.0,0.0,0.0,0.0,-0.0
966,"Renfree, Sean",ATL,PHI,QB,2.1,0.0,0.0,0.0,0.0,0.0,0.0,0.0,0.0,0.0,-0.0
967,"McCown, Luke",NOR,@ARZ,QB,0.0,0.0,-0.1,0.0,0.0,0.0,0.0,0.0,0.0,0.0,-0.0
968,"Whitehead, Lucky",DAL,NYG,WR,0.0,0.0,-0.1,0.0,0.0,0.0,0.0,0.0,0.0,0.0,-0.0
969,"Daniel, Chase",KCC,@HOU,QB,3.5,0.0,-0.8,0.0,0.0,0.0,0.0,0.0,0.0,0.0,-0.1
970,"Schaub, Matt",BAL,@DEN,QB,0.1,0.0,0.9,0.0,0.0,0.0,0.0,0.0,0.0,0.0,-0.1

